--------------------------------------------------------
--  DDL for Table CONSTELLATION_DUPLICATED_REQUESTS
--------------------------------------------------------

  CREATE TABLE "CONSTELLATION_HEALTH"."CONSTELLATION_DUPLICATED_REQUESTS" 
   (	"ID" NUMBER GENERATED BY DEFAULT AS IDENTITY MINVALUE 1 MAXVALUE 9999999999999999999999999999 INCREMENT BY 1 START WITH 1 CACHE 20 NOORDER  NOCYCLE  NOKEEP  NOSCALE , 
	"ORIGINAL_ID" NUMBER, 
	"DUPLICATED_ID" NUMBER, 
	"CREATED_AT" TIMESTAMP (6) DEFAULT CURRENT_TIMESTAMP, 
	"UPDATED_AT" TIMESTAMP (6) DEFAULT CURRENT_TIMESTAMP
   );
--------------------------------------------------------
--  DDL for Table CONSTELLATION_HEALTH
--------------------------------------------------------

  CREATE TABLE "CONSTELLATION_HEALTH"."CONSTELLATION_HEALTH" 
   (	"ID" NUMBER GENERATED BY DEFAULT AS IDENTITY MINVALUE 1 MAXVALUE 9999999999999999999999999999 INCREMENT BY 1 START WITH 1 CACHE 20 NOORDER  NOCYCLE  NOKEEP  NOSCALE , 
	"STATUS" NUMBER DEFAULT 1, 
	"FIRST_NAME" NVARCHAR2(255), 
	"LAST_NAME" NVARCHAR2(255), 
	"IS_THIS_YOUR_LEGAL_NAME_" NVARCHAR2(255), 
	"YOUR_LEGAL_NAME" NVARCHAR2(255), 
	"PRONOUNS" NVARCHAR2(100), 
	"DATE_OF_BIRTH" DATE, 
	"HAVE_YHCIP" NVARCHAR2(255), 
	"HEALTH_CARE_CARD" NVARCHAR2(25), 
	"PROVINCE" NVARCHAR2(255), 
	"YHCIP" NVARCHAR2(25), 
	"POSTAL_CODE" NVARCHAR2(25), 
	"PREFER_TO_BE_CONTACTED" NVARCHAR2(255), 
	"PHONE_NUMBER" NVARCHAR2(255), 
	"EMAIL_ADDRESS" NVARCHAR2(255), 
	"LEAVE_PHONE_MESSAGE" NVARCHAR2(255), 
	"LANGUAGE_PREFER_TO_RECEIVE_SERVICES" NUMBER, 
	"PREFERRED_LANGUAGE" NVARCHAR2(100), 
	"INTERPRETATION_SUPPORT" NVARCHAR2(255), 
	"FAMILY_PHYSICIAN" NVARCHAR2(255), 
	"CURRENT_FAMILY_PHYSICIAN" NVARCHAR2(255), 
	"ACCESSING_HEALTH_CARE" NVARCHAR2(255), 
	"DIAGNOSIS" BLOB, 
	"DEMOGRAPHICS_GROUPS" NUMBER, 
	"INCLUDE_FAMILY_MEMBERS" NVARCHAR2(255), 
	"CREATED_AT" TIMESTAMP (6) DEFAULT CURRENT_TIMESTAMP, 
	"UPDATED_AT" TIMESTAMP (6) DEFAULT CURRENT_TIMESTAMP
   );
  GRANT SELECT ON "CONSTELLATION_HEALTH"."CONSTELLATION_HEALTH" TO "GENERAL";
--------------------------------------------------------
--  DDL for Table CONSTELLATION_HEALTH_DEMOGRAPHICS
--------------------------------------------------------

  CREATE TABLE "CONSTELLATION_HEALTH"."CONSTELLATION_HEALTH_DEMOGRAPHICS" 
   (	"ID" NUMBER GENERATED BY DEFAULT AS IDENTITY MINVALUE 1 MAXVALUE 9999999999999999999999999999 INCREMENT BY 1 START WITH 1 CACHE 20 NOORDER  NOCYCLE  NOKEEP  NOSCALE , 
	"VALUE" NVARCHAR2(100), 
	"DESCRIPTION" NVARCHAR2(500), 
	"CREATED_AT" TIMESTAMP (6) DEFAULT CURRENT_TIMESTAMP, 
	"UPDATED_AT" TIMESTAMP (6) DEFAULT CURRENT_TIMESTAMP
   );
  GRANT SELECT ON "CONSTELLATION_HEALTH"."CONSTELLATION_HEALTH_DEMOGRAPHICS" TO "GENERAL";
--------------------------------------------------------
--  DDL for Table CONSTELLATION_HEALTH_DIAGNOSIS_HISTORY
--------------------------------------------------------

  CREATE TABLE "CONSTELLATION_HEALTH"."CONSTELLATION_HEALTH_DIAGNOSIS_HISTORY" 
   (	"ID" NUMBER GENERATED BY DEFAULT AS IDENTITY MINVALUE 1 MAXVALUE 9999999999999999999999999999 INCREMENT BY 1 START WITH 1 CACHE 20 NOORDER  NOCYCLE  NOKEEP  NOSCALE , 
	"VALUE" NVARCHAR2(100), 
	"DESCRIPTION" NVARCHAR2(500), 
	"CREATED_AT" TIMESTAMP (6) DEFAULT CURRENT_TIMESTAMP, 
	"UPDATED_AT" TIMESTAMP (6) DEFAULT CURRENT_TIMESTAMP
   );
  GRANT SELECT ON "CONSTELLATION_HEALTH"."CONSTELLATION_HEALTH_DIAGNOSIS_HISTORY" TO "GENERAL";
--------------------------------------------------------
--  DDL for Table CONSTELLATION_HEALTH_FAMILY_MEMBERS
--------------------------------------------------------

  CREATE TABLE "CONSTELLATION_HEALTH"."CONSTELLATION_HEALTH_FAMILY_MEMBERS" 
   (	"ID" NUMBER GENERATED BY DEFAULT AS IDENTITY MINVALUE 1 MAXVALUE 9999999999999999999999999999 INCREMENT BY 1 START WITH 1 CACHE 20 NOORDER  NOCYCLE  NOKEEP  NOSCALE , 
	"CONSTELLATION_HEALTH_ID" NUMBER, 
	"FIRST_NAME_FAMILY_MEMBER" NVARCHAR2(255), 
	"LAST_NAME_FAMILY_MEMBER" NVARCHAR2(255), 
	"IS_THIS_YOUR_LEGAL_NAME_FAMILY_MEMBER" NVARCHAR2(255),
	"YOUR_LEGAL_NAME_FAMILY_MEMBER" NVARCHAR2(255), 
	"PRONOUNS_FAMILY_MEMBER" NVARCHAR2(100), 
	"DATE_OF_BIRTH_FAMILY_MEMBER" DATE, 
	"HAVE_YHCIP_FAMILY_MEMBER" NVARCHAR2(255), 
	"HEALTH_CARE_CARD_FAMILY_MEMBER" NVARCHAR2(25), 
	"PROVINCE_FAMILY_MEMBER" NVARCHAR2(255), 
	"YHCIP_FAMILY_MEMBER" NVARCHAR2(25), 
	"RELATIONSHIP_FAMILY_MEMBER" NVARCHAR2(255), 
	"LANGUAGE_PREFER_TO_RECEIVE_SERVICES_FAMILY_MEMBER" NUMBER, 
	"PREFERRED_LANGUAGE_FAMILY_MEMBER" NVARCHAR2(100), 
	"INTERPRETATION_SUPPORT_FAMILY_MEMBER" NVARCHAR2(255), 
	"FAMILY_PHYSICIAN_FAMILY_MEMBER" NVARCHAR2(255), 
	"CURRENT_FAMILY_PHYSICIAN_FAMILY_MEMBER" NVARCHAR2(255), 
	"ACCESSING_HEALTH_CARE_FAMILY_MEMBER" NVARCHAR2(255), 
	"DIAGNOSIS_FAMILY_MEMBER" BLOB, 
	"DEMOGRAPHICS_GROUPS_FAMILY_MEMBER" NUMBER, 
	"CREATED_AT" TIMESTAMP (6) DEFAULT CURRENT_TIMESTAMP, 
	"UPDATED_AT" TIMESTAMP (6) DEFAULT CURRENT_TIMESTAMP
   );
  GRANT SELECT ON "CONSTELLATION_HEALTH"."CONSTELLATION_HEALTH_FAMILY_MEMBERS" TO "GENERAL";
--------------------------------------------------------
--  DDL for Table CONSTELLATION_HEALTH_LANGUAGE
--------------------------------------------------------

  CREATE TABLE "CONSTELLATION_HEALTH"."CONSTELLATION_HEALTH_LANGUAGE" 
   (	"ID" NUMBER GENERATED BY DEFAULT AS IDENTITY MINVALUE 1 MAXVALUE 9999999999999999999999999999 INCREMENT BY 1 START WITH 1 CACHE 20 NOORDER  NOCYCLE  NOKEEP  NOSCALE , 
	"VALUE" NVARCHAR2(100), 
	"DESCRIPTION" NVARCHAR2(500), 
	"CREATED_AT" TIMESTAMP (6) DEFAULT CURRENT_TIMESTAMP, 
	"UPDATED_AT" TIMESTAMP (6) DEFAULT CURRENT_TIMESTAMP
   );
  GRANT SELECT ON "CONSTELLATION_HEALTH"."CONSTELLATION_HEALTH_LANGUAGE" TO "GENERAL";
--------------------------------------------------------
--  DDL for Table CONSTELLATION_HEALTH_REV
--------------------------------------------------------

  CREATE TABLE "CONSTELLATION_HEALTH"."CONSTELLATION_HEALTH_REV" 
   (	"REV_ID" NUMBER GENERATED BY DEFAULT AS IDENTITY MINVALUE 1 MAXVALUE 9999999999999999999999999999 INCREMENT BY 1 START WITH 1 CACHE 20 NOORDER  NOCYCLE  NOKEEP  NOSCALE , 
	"ID" NUMBER, 
	"STATUS" NUMBER DEFAULT 1, 
	"FIRST_NAME" NVARCHAR2(255), 
	"LAST_NAME" NVARCHAR2(255), 
	"IS_THIS_YOUR_LEGAL_NAME_" NVARCHAR2(255), 
	"YOUR_LEGAL_NAME" NVARCHAR2(255), 
	"PRONOUNS" NVARCHAR2(100), 
	"DATE_OF_BIRTH" DATE, 
	"HAVE_YHCIP" NVARCHAR2(255), 
	"HEALTH_CARE_CARD" NVARCHAR2(25), 
	"PROVINCE" NVARCHAR2(255), 
	"YHCIP" NVARCHAR2(25), 
	"POSTAL_CODE" NVARCHAR2(25), 
	"PREFER_TO_BE_CONTACTED" NVARCHAR2(255), 
	"PHONE_NUMBER" NVARCHAR2(255), 
	"EMAIL_ADDRESS" NVARCHAR2(255), 
	"LEAVE_PHONE_MESSAGE" NVARCHAR2(255), 
	"LANGUAGE_PREFER_TO_RECEIVE_SERVICES" NUMBER, 
	"PREFERRED_LANGUAGE" NVARCHAR2(100), 
	"INTERPRETATION_SUPPORT" NVARCHAR2(255), 
	"FAMILY_PHYSICIAN" NVARCHAR2(255), 
	"CURRENT_FAMILY_PHYSICIAN" NVARCHAR2(255), 
	"ACCESSING_HEALTH_CARE" NVARCHAR2(255), 
	"DIAGNOSIS" BLOB, 
	"DEMOGRAPHICS_GROUPS" NUMBER, 
	"INCLUDE_FAMILY_MEMBERS" NVARCHAR2(255), 
	"CREATED_AT" TIMESTAMP (6) DEFAULT CURRENT_TIMESTAMP, 
	"UPDATED_AT" TIMESTAMP (6) DEFAULT CURRENT_TIMESTAMP
   );
  GRANT SELECT ON "CONSTELLATION_HEALTH"."CONSTELLATION_HEALTH_REV" TO "GENERAL";
--------------------------------------------------------
--  DDL for Table CONSTELLATION_STATUS
--------------------------------------------------------

  CREATE TABLE "CONSTELLATION_HEALTH"."CONSTELLATION_STATUS" 
   (	"ID" NUMBER GENERATED BY DEFAULT AS IDENTITY MINVALUE 1 MAXVALUE 9999999999999999999999999999 INCREMENT BY 1 START WITH 1 CACHE 20 NOORDER  NOCYCLE  NOKEEP  NOSCALE , 
	"DESCRIPTION" NVARCHAR2(500), 
	"CREATED_AT" TIMESTAMP (6) DEFAULT CURRENT_TIMESTAMP, 
	"UPDATED_AT" TIMESTAMP (6) DEFAULT CURRENT_TIMESTAMP
   );
  GRANT SELECT ON "CONSTELLATION_HEALTH"."CONSTELLATION_STATUS" TO "GENERAL";
--------------------------------------------------------
--  DDL for Table HEALTH_INFORMATION
--------------------------------------------------------

  CREATE TABLE "HIPMA"."HEALTH_INFORMATION" 
   (	"ID" NUMBER GENERATED BY DEFAULT AS IDENTITY MINVALUE 1 MAXVALUE 9999999999999999999999999999 INCREMENT BY 1 START WITH 1 CACHE 20 NOORDER  NOCYCLE  NOKEEP  NOSCALE , 
	"CONFIRMATION_NUMBER" NVARCHAR2(10), 
	"STATUS" NUMBER VISIBLE DEFAULT 1,
	"WHAT_TYPE_OF_REQUEST_DO_YOU_WANT_TO_MAKE_" NUMBER, 
	"ARE_YOU_REQUESTING_ACCESS_TO_YOUR_OWN_PERSONAL_HEALTH_INFORMATI" NUMBER, 
	"SELECT_THE_SITUATION_THAT_APPLIES_" NUMBER, 
	"FIRST_NAME_BEHALF" NVARCHAR2(255), 
	"LAST_NAME_BEHALF" NVARCHAR2(255), 
	"COMPANY_OR_ORGANIZATION_OPTIONAL_BEHALF" NVARCHAR2(255), 
	"ADDRESS_BEHALF" NVARCHAR2(255), 
	"CITY_OR_TOWN_BEHALF" NVARCHAR2(255), 
	"POSTAL_CODE_BEHALF" NVARCHAR2(50), 
	"EMAIL_ADDRESS_BEHALF" NVARCHAR2(255), 
	"PHONE_NUMBER_BEHALF" NVARCHAR2(100), 
	"FIRST_NAME" NVARCHAR2(100), 
	"LAST_NAME" NVARCHAR2(100), 
	"DATE_OF_BIRTH" DATE, 
	"ADDRESS" NVARCHAR2(255), 
	"CITY_OR_TOWN" NVARCHAR2(100), 
	"POSTAL_CODE" NVARCHAR2(50), 
	"EMAIL_ADDRESS" NVARCHAR2(255), 
	"PHONE_NUMBER" NVARCHAR2(25), 
	"GET_A_COPY_OF_YOUR_HEALTH_INFORMATION_" NUMBER, 
	"GET_A_COPY_OF_YOUR_ACTIVITY_REQUEST" NUMBER, 
	"NAME_OF_HEALTH_AND_SOCIAL_SERVICES_PROGRAM_AREA_OPTIONAL_" BLOB, 
	"INDICATE_THE_HSS_SYSTEM_S_YOU_WOULD_LIKE_A_RECORD_OF_USER_ACTIV" BLOB, 
	"PROVIDE_DETAILS_ABOUT_YOUR_REQUEST_" CLOB, 
	"DATE_FROM_" DATE, 
	"DATE_TO_" DATE, 
	"DATE_RANGE_IS_UNKNOWN_OR_I_NEED_HELP_IDENTIFYING_THE_DATE_RANGE" CHAR(1 BYTE), 
	"I_AFFIRM_THE_INFORMATION_ABOVE_TO_BE_TRUE_AND_ACCURATE_" NVARCHAR2(50), 
	"ISSUED_IDENTIFICATION" NVARCHAR2(255), 
	"CREATED_AT" TIMESTAMP (6) DEFAULT CURRENT_TIMESTAMP, 
	"UPDATED_AT" TIMESTAMP (6) DEFAULT CURRENT_TIMESTAMP
   );
  GRANT SELECT ON "HIPMA"."HEALTH_INFORMATION" TO "GENERAL";
--------------------------------------------------------
--  DDL for Table HEALTH_INFORMATION_REV
--------------------------------------------------------

  CREATE TABLE "HIPMA"."HEALTH_INFORMATION_REV" 
   (	"REV_ID" NUMBER GENERATED BY DEFAULT AS IDENTITY MINVALUE 1 MAXVALUE 9999999999999999999999999999 INCREMENT BY 1 START WITH 1 CACHE 20 NOORDER  NOCYCLE  NOKEEP  NOSCALE , 
	"ID" NUMBER, 
	"CONFIRMATION_NUMBER" NVARCHAR2(10), 
	"STATUS" NUMBER VISIBLE DEFAULT 1,
	"WHAT_TYPE_OF_REQUEST_DO_YOU_WANT_TO_MAKE_" NUMBER, 
	"ARE_YOU_REQUESTING_ACCESS_TO_YOUR_OWN_PERSONAL_HEALTH_INFORMATI" NUMBER, 
	"SELECT_THE_SITUATION_THAT_APPLIES_" NUMBER, 
	"FIRST_NAME_BEHALF" NVARCHAR2(255), 
	"LAST_NAME_BEHALF" NVARCHAR2(255), 
	"COMPANY_OR_ORGANIZATION_OPTIONAL_BEHALF" NVARCHAR2(255), 
	"ADDRESS_BEHALF" NVARCHAR2(255), 
	"CITY_OR_TOWN_BEHALF" NVARCHAR2(255), 
	"POSTAL_CODE_BEHALF" NVARCHAR2(50), 
	"EMAIL_ADDRESS_BEHALF" NVARCHAR2(255), 
	"PHONE_NUMBER_BEHALF" NVARCHAR2(100), 
	"FIRST_NAME" NVARCHAR2(100), 
	"LAST_NAME" NVARCHAR2(100), 
	"DATE_OF_BIRTH" DATE, 
	"ADDRESS" NVARCHAR2(255), 
	"CITY_OR_TOWN" NVARCHAR2(100), 
	"POSTAL_CODE" NVARCHAR2(50), 
	"EMAIL_ADDRESS" NVARCHAR2(255), 
	"PHONE_NUMBER" NVARCHAR2(25), 
	"GET_A_COPY_OF_YOUR_HEALTH_INFORMATION_" NUMBER, 
	"GET_A_COPY_OF_YOUR_ACTIVITY_REQUEST" NUMBER, 
	"NAME_OF_HEALTH_AND_SOCIAL_SERVICES_PROGRAM_AREA_OPTIONAL_" BLOB, 
	"INDICATE_THE_HSS_SYSTEM_S_YOU_WOULD_LIKE_A_RECORD_OF_USER_ACTIV" BLOB, 
	"PROVIDE_DETAILS_ABOUT_YOUR_REQUEST_" CLOB, 
	"DATE_FROM_" DATE, 
	"DATE_TO_" DATE, 
	"DATE_RANGE_IS_UNKNOWN_OR_I_NEED_HELP_IDENTIFYING_THE_DATE_RANGE" CHAR(1 BYTE), 
	"I_AFFIRM_THE_INFORMATION_ABOVE_TO_BE_TRUE_AND_ACCURATE_" NVARCHAR2(50), 
	"ISSUED_IDENTIFICATION" NVARCHAR2(255), 
	"CREATED_AT" TIMESTAMP (6) DEFAULT CURRENT_TIMESTAMP, 
	"UPDATED_AT" TIMESTAMP (6) DEFAULT CURRENT_TIMESTAMP
   );
  GRANT SELECT ON "HIPMA"."HEALTH_INFORMATION_REV" TO "GENERAL";
--------------------------------------------------------
--  DDL for Table HIPMA_COPY_ACTIVITY_REQUEST
--------------------------------------------------------

  CREATE TABLE "HIPMA"."HIPMA_COPY_ACTIVITY_REQUEST" 
   (	"ID" NUMBER GENERATED BY DEFAULT AS IDENTITY MINVALUE 1 MAXVALUE 9999999999999999999999999999 INCREMENT BY 1 START WITH 1 CACHE 20 NOORDER  NOCYCLE  NOKEEP  NOSCALE , 
	"DESCRIPTION" NVARCHAR2(255), 
	"CREATED_AT" TIMESTAMP (6) DEFAULT CURRENT_TIMESTAMP, 
	"UPDATED_AT" TIMESTAMP (6) DEFAULT CURRENT_TIMESTAMP
   );
  GRANT SELECT ON "HIPMA"."HIPMA_COPY_ACTIVITY_REQUEST" TO "GENERAL";
--------------------------------------------------------
--  DDL for Table HIPMA_COPY_HEALTH_INFORMATION
--------------------------------------------------------

  CREATE TABLE "HIPMA"."HIPMA_COPY_HEALTH_INFORMATION" 
   (	"ID" NUMBER GENERATED BY DEFAULT AS IDENTITY MINVALUE 1 MAXVALUE 9999999999999999999999999999 INCREMENT BY 1 START WITH 1 CACHE 20 NOORDER  NOCYCLE  NOKEEP  NOSCALE , 
	"DESCRIPTION" NVARCHAR2(255), 
	"CREATED_AT" TIMESTAMP (6) DEFAULT CURRENT_TIMESTAMP, 
	"UPDATED_AT" TIMESTAMP (6) DEFAULT CURRENT_TIMESTAMP
   );
  GRANT SELECT ON "HIPMA"."HIPMA_COPY_HEALTH_INFORMATION" TO "GENERAL";
--------------------------------------------------------
--  DDL for Table HIPMA_DUPLICATED_REQUESTS
--------------------------------------------------------

  CREATE TABLE "HIPMA"."HIPMA_DUPLICATED_REQUESTS" 
   (	"ID" NUMBER GENERATED BY DEFAULT AS IDENTITY MINVALUE 1 MAXVALUE 9999999999999999999999999999 INCREMENT BY 1 START WITH 1 CACHE 20 NOORDER  NOCYCLE  NOKEEP  NOSCALE , 
	"ORIGINAL_ID" NUMBER, 
	"DUPLICATED_ID" NUMBER, 
	"CREATED_AT" TIMESTAMP (6), 
	"UPDATED_AT" TIMESTAMP (6)
   );
--------------------------------------------------------
--  DDL for Table HIPMA_FILES
--------------------------------------------------------

  CREATE TABLE "HIPMA"."HIPMA_FILES" 
   (	"ID" NUMBER GENERATED BY DEFAULT AS IDENTITY MINVALUE 1 MAXVALUE 9999999999999999999999999999 INCREMENT BY 1 START WITH 1 CACHE 20 NOORDER  NOCYCLE  NOKEEP  NOSCALE , 
	"HIPMA_ID" NUMBER, 
	"DESCRIPTION" NVARCHAR2(255), 
	"FILE_NAME" NVARCHAR2(500), 
	"FILE_TYPE" NVARCHAR2(500), 
	"FILE_SIZE" NVARCHAR2(500), 
	"FILE_DATA" BLOB, 
	"CREATED_AT" TIMESTAMP (6) DEFAULT CURRENT_TIMESTAMP, 
	"UPDATED_AT" TIMESTAMP (6) DEFAULT CURRENT_TIMESTAMP
   );
  GRANT SELECT ON "HIPMA"."HIPMA_FILES" TO "GENERAL";
--------------------------------------------------------
--  DDL for Table HIPMA_HEALTH_SOCIAL_SERVICES_PROGRAM
--------------------------------------------------------

  CREATE TABLE "HIPMA"."HIPMA_HEALTH_SOCIAL_SERVICES_PROGRAM" 
   (	"ID" NUMBER GENERATED BY DEFAULT AS IDENTITY MINVALUE 1 MAXVALUE 9999999999999999999999999999 INCREMENT BY 1 START WITH 1 CACHE 20 NOORDER  NOCYCLE  NOKEEP  NOSCALE , 
	"DESCRIPTION" NVARCHAR2(255), 
	"CREATED_AT" TIMESTAMP (6) DEFAULT CURRENT_TIMESTAMP, 
	"UPDATED_AT" TIMESTAMP (6) DEFAULT CURRENT_TIMESTAMP
   );
  GRANT SELECT ON "HIPMA"."HIPMA_HEALTH_SOCIAL_SERVICES_PROGRAM" TO "GENERAL";
--------------------------------------------------------
--  DDL for Table HIPMA_HSS_SYSTEMS
--------------------------------------------------------

  CREATE TABLE "HIPMA"."HIPMA_HSS_SYSTEMS" 
   (	"ID" NUMBER GENERATED BY DEFAULT AS IDENTITY MINVALUE 1 MAXVALUE 9999999999999999999999999999 INCREMENT BY 1 START WITH 1 CACHE 20 NOORDER  NOCYCLE  NOKEEP  NOSCALE , 
	"DESCRIPTION" NVARCHAR2(255), 
	"CREATED_AT" TIMESTAMP (6) DEFAULT CURRENT_TIMESTAMP, 
	"UPDATED_AT" TIMESTAMP (6) DEFAULT CURRENT_TIMESTAMP
   );
  GRANT SELECT ON "HIPMA"."HIPMA_HSS_SYSTEMS" TO "GENERAL";
--------------------------------------------------------
--  DDL for Table HIPMA_REQUEST_ACCESS_PERSONAL_HEALTH_INFORMATION
--------------------------------------------------------

  CREATE TABLE "HIPMA"."HIPMA_REQUEST_ACCESS_PERSONAL_HEALTH_INFORMATION" 
   (	"ID" NUMBER GENERATED BY DEFAULT AS IDENTITY MINVALUE 1 MAXVALUE 9999999999999999999999999999 INCREMENT BY 1 START WITH 1 CACHE 20 NOORDER  NOCYCLE  NOKEEP  NOSCALE , 
	"DESCRIPTION" NVARCHAR2(255), 
	"CREATED_AT" TIMESTAMP (6) DEFAULT CURRENT_TIMESTAMP, 
	"UPDATED_AT" TIMESTAMP (6) DEFAULT CURRENT_TIMESTAMP
   );
  GRANT SELECT ON "HIPMA"."HIPMA_REQUEST_ACCESS_PERSONAL_HEALTH_INFORMATION" TO "GENERAL";
--------------------------------------------------------
--  DDL for Table HIPMA_REQUEST_TYPE
--------------------------------------------------------

  CREATE TABLE "HIPMA"."HIPMA_REQUEST_TYPE" 
   (	"ID" NUMBER GENERATED BY DEFAULT AS IDENTITY MINVALUE 1 MAXVALUE 9999999999999999999999999999 INCREMENT BY 1 START WITH 1 CACHE 20 NOORDER  NOCYCLE  NOKEEP  NOSCALE , 
	"DESCRIPTION" NVARCHAR2(255), 
	"CREATED_AT" TIMESTAMP (6) DEFAULT CURRENT_TIMESTAMP, 
	"UPDATED_AT" TIMESTAMP (6) DEFAULT CURRENT_TIMESTAMP
   );
  GRANT SELECT ON "HIPMA"."HIPMA_REQUEST_TYPE" TO "GENERAL";
--------------------------------------------------------
--  DDL for Table HIPMA_SITUATIONS
--------------------------------------------------------

  CREATE TABLE "HIPMA"."HIPMA_SITUATIONS" 
   (	"ID" NUMBER GENERATED BY DEFAULT AS IDENTITY MINVALUE 1 MAXVALUE 9999999999999999999999999999 INCREMENT BY 1 START WITH 1 CACHE 20 NOORDER  NOCYCLE  NOKEEP  NOSCALE , 
	"DESCRIPTION" NVARCHAR2(255), 
	"CREATED_AT" TIMESTAMP (6) DEFAULT CURRENT_TIMESTAMP, 
	"UPDATED_AT" TIMESTAMP (6) DEFAULT CURRENT_TIMESTAMP
   );
  GRANT SELECT ON "HIPMA"."HIPMA_SITUATIONS" TO "GENERAL";
--------------------------------------------------------
--  DDL for Table HIPMA_STATUS
--------------------------------------------------------

  CREATE TABLE "HIPMA"."HIPMA_STATUS" 
   (	"ID" NUMBER GENERATED BY DEFAULT AS IDENTITY MINVALUE 1 MAXVALUE 9999999999999999999999999999 INCREMENT BY 1 START WITH 1 CACHE 20 NOORDER  NOCYCLE  NOKEEP  NOSCALE , 
	"DESCRIPTION" NVARCHAR2(500), 
	"CREATED_AT" TIMESTAMP (6) DEFAULT CURRENT_TIMESTAMP, 
	"UPDATED_AT" TIMESTAMP (6) DEFAULT CURRENT_TIMESTAMP
   );
  GRANT SELECT ON "HIPMA"."HIPMA_STATUS" TO "GENERAL";
--------------------------------------------------------
--  DDL for Table CONFIG
--------------------------------------------------------

  CREATE TABLE "GENERAL"."CONFIG" 
   (	"ID" NUMBER GENERATED BY DEFAULT AS IDENTITY MINVALUE 1 MAXVALUE 9999999999999999999999999999 INCREMENT BY 1 START WITH 1 CACHE 20 NOORDER  NOCYCLE  NOKEEP  NOSCALE , 
	"TYPE" NVARCHAR2(1000), 
	"NAME" NVARCHAR2(1000), 
	"VAL_STR1" NVARCHAR2(1000), 
	"VAL_STR2" NVARCHAR2(1000), 
	"VAL_STR3" NVARCHAR2(1000), 
	"VAL_INT1" NUMBER, 
	"VAL_INT2" NUMBER, 
	"VAL_INT3" NUMBER, 
	"VAL_DATE1" TIMESTAMP (6), 
	"VAL_DATE2" TIMESTAMP (6), 
	"VAL_DATE3" TIMESTAMP (6)
   );
  GRANT SELECT ON "GENERAL"."CONFIG" TO "CONSTELLATION_HEALTH";
  GRANT SELECT ON "GENERAL"."CONFIG" TO "HIPMA";
  GRANT INSERT ON "GENERAL"."CONFIG" TO "HIPMA";
  GRANT SELECT ON "GENERAL"."CONFIG" TO "MIDWIFERY";
  GRANT INSERT ON "GENERAL"."CONFIG" TO "MIDWIFERY";
  GRANT INSERT ON "GENERAL"."CONFIG" TO "CONSTELLATION_HEALTH";
--------------------------------------------------------
--  DDL for Table EVENTS
--------------------------------------------------------

  CREATE TABLE "GENERAL"."EVENTS" 
   (	"ID" NUMBER GENERATED BY DEFAULT AS IDENTITY MINVALUE 1 MAXVALUE 9999999999999999999999999999 INCREMENT BY 1 START WITH 1 CACHE 20 NOORDER  NOCYCLE  NOKEEP  NOSCALE , 
	"EVENT_TYPE" NUMBER, 
	"TITLE" NVARCHAR2(1000), 
	"EVENT_BY" NVARCHAR2(1000), 
	"EVENT_DATE" TIMESTAMP (6) DEFAULT CURRENT_TIMESTAMP, 
	"SCHEMA_NAME" NVARCHAR2(1000), 
	"TABLE_NAME" NVARCHAR2(1000), 
	"ENTITY_ID" NUMBER, 
	"ENTITY_DATA" BLOB, 
	"GUID" RAW(20), 
	"UUID" ROWID, 
	"REV_ID" NUMBER
   );
  GRANT SELECT ON "GENERAL"."EVENTS" TO "CONSTELLATION_HEALTH";
  GRANT SELECT ON "GENERAL"."EVENTS" TO "HIPMA";
  GRANT INSERT ON "GENERAL"."EVENTS" TO "HIPMA";
  GRANT SELECT ON "GENERAL"."EVENTS" TO "MIDWIFERY";
  GRANT INSERT ON "GENERAL"."EVENTS" TO "MIDWIFERY";
  GRANT INSERT ON "GENERAL"."EVENTS" TO "CONSTELLATION_HEALTH";
--------------------------------------------------------
--  DDL for Table EVENT_RULES
--------------------------------------------------------

  CREATE TABLE "GENERAL"."EVENT_RULES" 
   (	"ID" NUMBER GENERATED BY DEFAULT AS IDENTITY MINVALUE 1 MAXVALUE 9999999999999999999999999999 INCREMENT BY 1 START WITH 1 CACHE 20 NOORDER  NOCYCLE  NOKEEP  NOSCALE , 
	"EVENT_TYPE" NUMBER, 
	"TITLE" NVARCHAR2(1000), 
	"TRANSFORM_VALUE" NVARCHAR2(1000), 
	"COLUMN_KEY" NVARCHAR2(1000), 
	"IS_ENABLED" CHAR(1 BYTE) DEFAULT 1
   );
  GRANT SELECT ON "GENERAL"."EVENT_RULES" TO "CONSTELLATION_HEALTH";
  GRANT SELECT ON "GENERAL"."EVENT_RULES" TO "HIPMA";
  GRANT INSERT ON "GENERAL"."EVENT_RULES" TO "HIPMA";
  GRANT SELECT ON "GENERAL"."EVENT_RULES" TO "MIDWIFERY";
  GRANT INSERT ON "GENERAL"."EVENT_RULES" TO "MIDWIFERY";
  GRANT INSERT ON "GENERAL"."EVENT_RULES" TO "CONSTELLATION_HEALTH";
--------------------------------------------------------
--  DDL for Table EVENT_TYPE
--------------------------------------------------------

  CREATE TABLE "GENERAL"."EVENT_TYPE" 
   (	"ID" NUMBER(*,0) GENERATED BY DEFAULT AS IDENTITY MINVALUE 1 MAXVALUE 9999999999999999999999999999 INCREMENT BY 1 START WITH 1 CACHE 20 NOORDER  NOCYCLE  NOKEEP  NOSCALE , 
	"DESCIPTION" NVARCHAR2(1000), 
	"CREATED_AT" TIMESTAMP (6) DEFAULT CURRENT_TIMESTAMP
   );
  GRANT SELECT ON "GENERAL"."EVENT_TYPE" TO "CONSTELLATION_HEALTH";
  GRANT SELECT ON "GENERAL"."EVENT_TYPE" TO "HIPMA";
  GRANT INSERT ON "GENERAL"."EVENT_TYPE" TO "HIPMA";
  GRANT SELECT ON "GENERAL"."EVENT_TYPE" TO "MIDWIFERY";
  GRANT INSERT ON "GENERAL"."EVENT_TYPE" TO "MIDWIFERY";
  GRANT INSERT ON "GENERAL"."EVENT_TYPE" TO "CONSTELLATION_HEALTH";
--------------------------------------------------------
--  DDL for Table PERMISSION_DATA
--------------------------------------------------------

  CREATE TABLE "GENERAL"."PERMISSION_DATA" 
   (	"ID" NUMBER GENERATED BY DEFAULT AS IDENTITY MINVALUE 1 MAXVALUE 9999999999999999999999999999 INCREMENT BY 1 START WITH 1 CACHE 20 NOORDER  NOCYCLE  NOKEEP  NOSCALE , 
	"PERMISSION_NAME" NVARCHAR2(200), 
	"PERMISSION_DESC" NVARCHAR2(200), 
	"PERMISSION_CATEGORY" NVARCHAR2(200)
   );
  GRANT SELECT ON "GENERAL"."PERMISSION_DATA" TO "CONSTELLATION_HEALTH";
  GRANT INSERT ON "GENERAL"."PERMISSION_DATA" TO "CONSTELLATION_HEALTH";
--------------------------------------------------------
--  DDL for Table ROLES_DATA
--------------------------------------------------------

  CREATE TABLE "GENERAL"."ROLES_DATA" 
   (	"ID" NUMBER GENERATED BY DEFAULT AS IDENTITY MINVALUE 1 MAXVALUE 9999999999999999999999999999 INCREMENT BY 1 START WITH 1 CACHE 20 NOORDER  NOCYCLE  NOKEEP  NOSCALE , 
	"ROLE_NAME" NVARCHAR2(150)
   );
  GRANT SELECT ON "GENERAL"."ROLES_DATA" TO "CONSTELLATION_HEALTH";
  GRANT INSERT ON "GENERAL"."ROLES_DATA" TO "CONSTELLATION_HEALTH";
--------------------------------------------------------
--  DDL for Table ROLE_PERMISSIONS
--------------------------------------------------------

  CREATE TABLE "GENERAL"."ROLE_PERMISSIONS" 
   (	"ID" NUMBER GENERATED BY DEFAULT AS IDENTITY MINVALUE 1 MAXVALUE 9999999999999999999999999999 INCREMENT BY 1 START WITH 1 CACHE 20 NOORDER  NOCYCLE  NOKEEP  NOSCALE , 
	"ROLE_ID" NUMBER, 
	"PERMISSION_ID" NUMBER
   );
  GRANT SELECT ON "GENERAL"."ROLE_PERMISSIONS" TO "CONSTELLATION_HEALTH";
  GRANT INSERT ON "GENERAL"."ROLE_PERMISSIONS" TO "CONSTELLATION_HEALTH";
--------------------------------------------------------
--  DDL for Table USER_DATA
--------------------------------------------------------

  CREATE TABLE "GENERAL"."USER_DATA" 
   (	"ID" NUMBER GENERATED BY DEFAULT AS IDENTITY MINVALUE 1 MAXVALUE 9999999999999999999999999999 INCREMENT BY 1 START WITH 1 CACHE 20 NOORDER  NOCYCLE  NOKEEP  NOSCALE , 
	"USER_NAME" NVARCHAR2(150), 
	"USER_EMAIL" NVARCHAR2(150)
   );
  GRANT SELECT ON "GENERAL"."USER_DATA" TO "CONSTELLATION_HEALTH";
  GRANT INSERT ON "GENERAL"."USER_DATA" TO "CONSTELLATION_HEALTH";
--------------------------------------------------------
--  DDL for Table USER_ROLES
--------------------------------------------------------

  CREATE TABLE "GENERAL"."USER_ROLES" 
   (	"ID" NUMBER GENERATED BY DEFAULT AS IDENTITY MINVALUE 1 MAXVALUE 9999999999999999999999999999 INCREMENT BY 1 START WITH 1 CACHE 20 NOORDER  NOCYCLE  NOKEEP  NOSCALE , 
	"USER_ID" NUMBER, 
	"ROLE_ID" NUMBER
   );
  GRANT SELECT ON "GENERAL"."USER_ROLES" TO "CONSTELLATION_HEALTH";
  GRANT INSERT ON "GENERAL"."USER_ROLES" TO "CONSTELLATION_HEALTH";
--------------------------------------------------------
--  DDL for Table MIDWIFERY_BIRTH_LOCATIONS
--------------------------------------------------------

  CREATE TABLE "MIDWIFERY"."MIDWIFERY_BIRTH_LOCATIONS" 
   (	"ID" NUMBER GENERATED BY DEFAULT AS IDENTITY MINVALUE 1 MAXVALUE 9999999999999999999999999999 INCREMENT BY 1 START WITH 1 CACHE 20 NOORDER  NOCYCLE  NOKEEP  NOSCALE , 
	"NAME" NVARCHAR2(255), 
	"DESCRIPTION" NVARCHAR2(500), 
	"CREATED_AT" TIMESTAMP (6) DEFAULT CURRENT_TIMESTAMP, 
	"UPDATED_AT" TIMESTAMP (6) DEFAULT CURRENT_TIMESTAMP
   );
  GRANT SELECT ON "MIDWIFERY"."MIDWIFERY_BIRTH_LOCATIONS" TO "GENERAL";
  GRANT INSERT ON "MIDWIFERY"."MIDWIFERY_BIRTH_LOCATIONS" TO "GENERAL";
--------------------------------------------------------
--  DDL for Table MIDWIFERY_CLINIC_CONTACT_TYPES
--------------------------------------------------------

  CREATE TABLE "MIDWIFERY"."MIDWIFERY_CLINIC_CONTACT_TYPES" 
   (	"ID" NUMBER GENERATED BY DEFAULT AS IDENTITY MINVALUE 1 MAXVALUE 9999999999999999999999999999 INCREMENT BY 1 START WITH 1 CACHE 20 NOORDER  NOCYCLE  NOKEEP  NOSCALE , 
	"NAME" NVARCHAR2(255), 
	"DESCRIPTION" NVARCHAR2(500), 
	"CREATED_AT" TIMESTAMP (6) DEFAULT CURRENT_TIMESTAMP, 
	"UPDATED_AT" TIMESTAMP (6) DEFAULT CURRENT_TIMESTAMP
   );
  GRANT SELECT ON "MIDWIFERY"."MIDWIFERY_CLINIC_CONTACT_TYPES" TO "GENERAL";
  GRANT INSERT ON "MIDWIFERY"."MIDWIFERY_CLINIC_CONTACT_TYPES" TO "GENERAL";
--------------------------------------------------------
--  DDL for Table MIDWIFERY_COMMUNITY_LOCATIONS
--------------------------------------------------------

  CREATE TABLE "MIDWIFERY"."MIDWIFERY_COMMUNITY_LOCATIONS" 
   (	"ID" NUMBER GENERATED BY DEFAULT AS IDENTITY MINVALUE 1 MAXVALUE 9999999999999999999999999999 INCREMENT BY 1 START WITH 1 CACHE 20 NOORDER  NOCYCLE  NOKEEP  NOSCALE , 
	"DESCRIPTION" NVARCHAR2(500), 
	"CREATED_AT" TIMESTAMP (6) DEFAULT CURRENT_TIMESTAMP, 
	"UPDATED_AT" TIMESTAMP (6) DEFAULT CURRENT_TIMESTAMP
   );
  GRANT SELECT ON "MIDWIFERY"."MIDWIFERY_COMMUNITY_LOCATIONS" TO "GENERAL";
  GRANT INSERT ON "MIDWIFERY"."MIDWIFERY_COMMUNITY_LOCATIONS" TO "GENERAL";
--------------------------------------------------------
--  DDL for Table MIDWIFERY_DUPLICATED_REQUESTS
--------------------------------------------------------

  CREATE TABLE "MIDWIFERY"."MIDWIFERY_DUPLICATED_REQUESTS" 
   (	"ID" NUMBER GENERATED BY DEFAULT AS IDENTITY MINVALUE 1 MAXVALUE 9999999999999999999999999999 INCREMENT BY 1 START WITH 1 CACHE 20 NOORDER  NOCYCLE  NOKEEP  NOSCALE , 
	"ORIGINAL_ID" NUMBER, 
	"DUPLICATED_ID" NUMBER, 
	"CREATED_AT" TIMESTAMP (6), 
	"UPDATED_AT" TIMESTAMP (6)
   );
--------------------------------------------------------
--  DDL for Table MIDWIFERY_GROUPS_COMMUNITIES
--------------------------------------------------------

  CREATE TABLE "MIDWIFERY"."MIDWIFERY_GROUPS_COMMUNITIES" 
   (	"ID" NUMBER GENERATED BY DEFAULT AS IDENTITY MINVALUE 1 MAXVALUE 9999999999999999999999999999 INCREMENT BY 1 START WITH 1 CACHE 20 NOORDER  NOCYCLE  NOKEEP  NOSCALE , 
	"NAME" NVARCHAR2(255), 
	"DESCRIPTION" NVARCHAR2(500), 
	"CREATED_AT" TIMESTAMP (6) DEFAULT CURRENT_TIMESTAMP, 
	"UPDATED_AT" TIMESTAMP (6) DEFAULT CURRENT_TIMESTAMP
   );
  GRANT SELECT ON "MIDWIFERY"."MIDWIFERY_GROUPS_COMMUNITIES" TO "GENERAL";
  GRANT INSERT ON "MIDWIFERY"."MIDWIFERY_GROUPS_COMMUNITIES" TO "GENERAL";
--------------------------------------------------------
--  DDL for Table MIDWIFERY_LANGUAGES
--------------------------------------------------------

  CREATE TABLE "MIDWIFERY"."MIDWIFERY_LANGUAGES" 
   (	"ID" NUMBER GENERATED BY DEFAULT AS IDENTITY MINVALUE 1 MAXVALUE 9999999999999999999999999999 INCREMENT BY 1 START WITH 1 CACHE 20 NOORDER  NOCYCLE  NOKEEP  NOSCALE , 
	"DESCRIPTION" NVARCHAR2(500), 
	"CREATED_AT" TIMESTAMP (6) DEFAULT CURRENT_TIMESTAMP, 
	"UPDATED_AT" TIMESTAMP (6) DEFAULT CURRENT_TIMESTAMP
   );
  GRANT SELECT ON "MIDWIFERY"."MIDWIFERY_LANGUAGES" TO "GENERAL";
  GRANT INSERT ON "MIDWIFERY"."MIDWIFERY_LANGUAGES" TO "GENERAL";
--------------------------------------------------------
--  DDL for Table MIDWIFERY_OPTIONS
--------------------------------------------------------

  CREATE TABLE "MIDWIFERY"."MIDWIFERY_OPTIONS" 
   (	"ID" NUMBER GENERATED BY DEFAULT AS IDENTITY MINVALUE 1 MAXVALUE 9999999999999999999999999999 INCREMENT BY 1 START WITH 1 CACHE 20 NOORDER  NOCYCLE  NOKEEP  NOSCALE , 
	"FIELD_NAME" NVARCHAR2(100), 
	"FIELD_VALUE" CHAR(1 BYTE), 
	"DESCRIPTION" NVARCHAR2(500), 
	"CREATED_AT" TIMESTAMP (6) DEFAULT CURRENT_TIMESTAMP, 
	"UPDATED_AT" TIMESTAMP (6) DEFAULT CURRENT_TIMESTAMP
   );
  GRANT SELECT ON "MIDWIFERY"."MIDWIFERY_OPTIONS" TO "GENERAL";
  GRANT INSERT ON "MIDWIFERY"."MIDWIFERY_OPTIONS" TO "GENERAL";
--------------------------------------------------------
--  DDL for Table MIDWIFERY_PREFERRED_CONTACT_TYPES
--------------------------------------------------------

  CREATE TABLE "MIDWIFERY"."MIDWIFERY_PREFERRED_CONTACT_TYPES" 
   (	"ID" NUMBER GENERATED BY DEFAULT AS IDENTITY MINVALUE 1 MAXVALUE 9999999999999999999999999999 INCREMENT BY 1 START WITH 1 CACHE 20 NOORDER  NOCYCLE  NOKEEP  NOSCALE , 
	"NAME" NVARCHAR2(255), 
	"DESCRIPTION" NVARCHAR2(500), 
	"CREATED_AT" TIMESTAMP (6) DEFAULT CURRENT_TIMESTAMP, 
	"UPDATED_AT" TIMESTAMP (6) DEFAULT CURRENT_TIMESTAMP
   );
  GRANT SELECT ON "MIDWIFERY"."MIDWIFERY_PREFERRED_CONTACT_TYPES" TO "GENERAL";
  GRANT INSERT ON "MIDWIFERY"."MIDWIFERY_PREFERRED_CONTACT_TYPES" TO "GENERAL";
--------------------------------------------------------
--  DDL for Table MIDWIFERY_SERVICES
--------------------------------------------------------

  CREATE TABLE "MIDWIFERY"."MIDWIFERY_SERVICES" 
   (	"ID" NUMBER GENERATED BY DEFAULT AS IDENTITY MINVALUE 1 MAXVALUE 9999999999999999999999999999 INCREMENT BY 1 START WITH 1 CACHE 20 NOORDER  NOCYCLE  NOKEEP  NOSCALE , 
	"CONFIRMATION_NUMBER" NVARCHAR2(10), 
	"STATUS" NUMBER DEFAULT 1, 
	"FIRST_NAME" NVARCHAR2(255), 
	"LAST_NAME" NVARCHAR2(255), 
	"PREFERRED_NAME" NVARCHAR2(255), 
	"PRONOUNS" NVARCHAR2(255), 
	"DATE_OF_BIRTH" DATE, 
	"YUKON_HEALTH_INSURANCE" NUMBER, 
	"COMMUNITY_LOCATED" NVARCHAR2(255), 
	"PREFERRED_LANGUAGE" NVARCHAR2(255), 
	"NEED_INTERPRETATION" NUMBER, 
	"PREFERRED_PHONE" NVARCHAR2(255), 
	"PREFERRED_EMAIL" NVARCHAR2(255), 
	"OKAY_TO_LEAVE_MESSAGE" NUMBER, 
	"PREFER_TO_BE_CONTACTED" NUMBER, 
	"WHEN_WAS_THE_FIRST_DAY_OF_YOUR_LAST_PERIOD_" DATE, 
	"DUE_DATE" DATE, 
	"DATE_CONFIRMED" NUMBER, 
	"FIRST_PREGNANCY" NUMBER, 
	"HOW_MANY_VAGINAL_BIRTHS" NVARCHAR2(255), 
	"HOW_MANY_C_SECTION_BIRTHS" NVARCHAR2(255), 
	"COMPLICATIONS_WITH_PREVIOUS" NUMBER, 
	"PROVIDE_DETAILS" CLOB, 
	"MIDWIFE_BEFORE" NUMBER, 
	"WHERE_TO_GIVE_BIRTH" NUMBER, 
	"MEDICAL_CONCERNS" NUMBER, 
	"PROVIDE_DETAILS2" CLOB, 
	"HAVE_YOU_HAD_PRIMARY_HEALTH_CARE" NUMBER, 
	"MENSTRUAL_CYCLE_LENGTH" NVARCHAR2(255), 
	"FAMILY_PHYSICIAN" NUMBER, 
	"PHYSICIAN_S_NAME" NVARCHAR2(255), 
	"MAJOR_MEDICAL_CONDITIONS" NUMBER, 
	"PROVIDE_DETAILS3" CLOB, 
	"DO_YOU_IDENTIFY_WITH_ONE_OR_MORE_OF_THESE_GROUPS_AND_COMMUNITIE" BLOB, 
	"HOW_DID_YOU_FIND_OUT_ABOUT_THE_MIDWIFERY_CLINIC_SELECT_ALL_THAT" BLOB, 
	"CREATED_AT" TIMESTAMP (6) DEFAULT CURRENT_TIMESTAMP, 
	"UPDATED_AT" TIMESTAMP (6) DEFAULT CURRENT_TIMESTAMP
   );
  GRANT SELECT ON "MIDWIFERY"."MIDWIFERY_SERVICES" TO "GENERAL";
  GRANT INSERT ON "MIDWIFERY"."MIDWIFERY_SERVICES" TO "GENERAL";
--------------------------------------------------------
--  DDL for Table MIDWIFERY_SERVICES_REV
--------------------------------------------------------

  CREATE TABLE "MIDWIFERY"."MIDWIFERY_SERVICES_REV" 
   (	"REV_ID" NUMBER GENERATED BY DEFAULT AS IDENTITY MINVALUE 1 MAXVALUE 9999999999999999999999999999 INCREMENT BY 1 START WITH 1 CACHE 20 NOORDER  NOCYCLE  NOKEEP  NOSCALE , 
	"ID" NUMBER, 
	"CONFIRMATION_NUMBER" NVARCHAR2(10), 
	"STATUS" NUMBER DEFAULT 1, 
	"FIRST_NAME" NVARCHAR2(255), 
	"LAST_NAME" NVARCHAR2(255), 
	"PREFERRED_NAME" NVARCHAR2(255), 
	"PRONOUNS" NVARCHAR2(255), 
	"DATE_OF_BIRTH" DATE, 
	"YUKON_HEALTH_INSURANCE" NUMBER, 
	"COMMUNITY_LOCATED" NVARCHAR2(255), 
	"PREFERRED_LANGUAGE" NVARCHAR2(255), 
	"NEED_INTERPRETATION" NUMBER, 
	"PREFERRED_PHONE" NVARCHAR2(255), 
	"PREFERRED_EMAIL" NVARCHAR2(255), 
	"OKAY_TO_LEAVE_MESSAGE" NUMBER, 
	"PREFER_TO_BE_CONTACTED" NUMBER, 
	"WHEN_WAS_THE_FIRST_DAY_OF_YOUR_LAST_PERIOD_" DATE, 
	"DUE_DATE" DATE, 
	"DATE_CONFIRMED" NUMBER, 
	"FIRST_PREGNANCY" NUMBER, 
	"HOW_MANY_VAGINAL_BIRTHS" NVARCHAR2(255), 
	"HOW_MANY_C_SECTION_BIRTHS" NVARCHAR2(255), 
	"COMPLICATIONS_WITH_PREVIOUS" NUMBER, 
	"PROVIDE_DETAILS" CLOB, 
	"MIDWIFE_BEFORE" NUMBER, 
	"WHERE_TO_GIVE_BIRTH" NUMBER, 
	"MEDICAL_CONCERNS" NUMBER, 
	"PROVIDE_DETAILS2" CLOB, 
	"HAVE_YOU_HAD_PRIMARY_HEALTH_CARE" NUMBER, 
	"MENSTRUAL_CYCLE_LENGTH" NVARCHAR2(255), 
	"FAMILY_PHYSICIAN" NUMBER, 
	"PHYSICIAN_S_NAME" NVARCHAR2(255), 
	"MAJOR_MEDICAL_CONDITIONS" NUMBER, 
	"PROVIDE_DETAILS3" CLOB, 
	"DO_YOU_IDENTIFY_WITH_ONE_OR_MORE_OF_THESE_GROUPS_AND_COMMUNITIE" BLOB, 
	"HOW_DID_YOU_FIND_OUT_ABOUT_THE_MIDWIFERY_CLINIC_SELECT_ALL_THAT" BLOB, 
	"CREATED_AT" TIMESTAMP (6) DEFAULT CURRENT_TIMESTAMP, 
	"UPDATED_AT" TIMESTAMP (6) DEFAULT CURRENT_TIMESTAMP
   );
  GRANT SELECT ON "MIDWIFERY"."MIDWIFERY_SERVICES_REV" TO "GENERAL";
  GRANT INSERT ON "MIDWIFERY"."MIDWIFERY_SERVICES_REV" TO "GENERAL";
--------------------------------------------------------
--  DDL for Table MIDWIFERY_STATUS
--------------------------------------------------------

  CREATE TABLE "MIDWIFERY"."MIDWIFERY_STATUS" 
   (	"ID" NUMBER GENERATED BY DEFAULT AS IDENTITY MINVALUE 1 MAXVALUE 9999999999999999999999999999 INCREMENT BY 1 START WITH 1 CACHE 20 NOORDER  NOCYCLE  NOKEEP  NOSCALE , 
	"DESCRIPTION" NVARCHAR2(500), 
	"CREATED_AT" TIMESTAMP (6) DEFAULT CURRENT_TIMESTAMP, 
	"UPDATED_AT" TIMESTAMP (6) DEFAULT CURRENT_TIMESTAMP
   );
  GRANT SELECT ON "MIDWIFERY"."MIDWIFERY_STATUS" TO "GENERAL";
  GRANT INSERT ON "MIDWIFERY"."MIDWIFERY_STATUS" TO "GENERAL";


--------------------------------------------------------
--  DDL for Table DENTAL_DUPLICATED_REQUESTS
--------------------------------------------------------

	CREATE TABLE "DENTAL"."DENTAL_DUPLICATED_REQUESTS"
	(	"ID" NUMBER GENERATED BY DEFAULT AS IDENTITY MINVALUE 1 MAXVALUE 9999999999999999999999999999 INCREMENT BY 1 START WITH 1 CACHE 20 NOORDER  NOCYCLE  NOKEEP  NOSCALE , 
		"ORIGINAL_ID" NUMBER,
		"DUPLICATED_ID" NUMBER,
		"CREATED_AT" TIMESTAMP (6) DEFAULT CURRENT_TIMESTAMP,
		"UPDATED_AT" TIMESTAMP (6) DEFAULT CURRENT_TIMESTAMP
	);

--------------------------------------------------------
--  DDL for Table DENTAL_SERVICE
--------------------------------------------------------

	CREATE TABLE "DENTAL"."DENTAL_SERVICE"
	(	"ID" NUMBER GENERATED BY DEFAULT AS IDENTITY MINVALUE 1 MAXVALUE 9999999999999999999999999999 INCREMENT BY 1 START WITH 1 CACHE 20 NOORDER  NOCYCLE  NOKEEP  NOSCALE , 
		"STATUS" NUMBER DEFAULT 1,
		"FIRST_NAME" NVARCHAR2(255),
		"MIDDLE_NAME" NVARCHAR2(255),
		"LAST_NAME" NVARCHAR2(255),
		"DATE_OF_BIRTH" DATE,
		"HEALTH_CARD_NUMBER" NVARCHAR2(25),
		"MAILING_ADDRESS" NVARCHAR2(255),
		"CITY_OR_TOWN" NVARCHAR2(100),
		"POSTAL_CODE" NVARCHAR2(25),
		"PHONE" NVARCHAR2(50),
		"EMAIL" NVARCHAR2(255),
		"OTHER_COVERAGE" NVARCHAR2(255),
		"ARE_YOU_ELIGIBLE_FOR_THE_PHARMACARE_AND_EXTENDED_HEALTH_CARE_BEN" NVARCHAR2(255),
		"EMAIL_INSTEAD" NVARCHAR2(255),
		"HAVE_CHILDREN" NVARCHAR2(255),
		"ASK_DEMOGRAPHIC" NVARCHAR2(255),
		"IDENTIFY_GROUPS" BLOB,
		"GENDER" NVARCHAR2(255),
		"EDUCATION" NVARCHAR2(255),
		"OFTEN_BRUSH" NVARCHAR2(255),
		"STATE_TEETH" NVARCHAR2(255),
		"OFTEN_FLOSS" NVARCHAR2(255),
		"STATE_GUMS" NVARCHAR2(255),
		"LAST_SAW_DENTIST" NVARCHAR2(255),
		"REASON_FOR_DENTIST" BLOB,
		"BUY_SUPPLIES" NVARCHAR2(255),
		"PAY_FOR_VISIT" BLOB,
		"BARRIERS" BLOB,
		"PROBLEMS" BLOB,
		"SERVICES_NEEDED" BLOB,
		"CREATED_AT" TIMESTAMP (6) DEFAULT CURRENT_TIMESTAMP,
		"UPDATED_AT" TIMESTAMP (6) DEFAULT CURRENT_TIMESTAMP
	);

	GRANT SELECT ON "DENTAL"."DENTAL_SERVICE" TO "GENERAL";

--------------------------------------------------------
--  DDL for Table DENTAL_SERVICE_REV
--------------------------------------------------------

	CREATE TABLE "DENTAL"."DENTAL_SERVICE_REV"
	(	"REV_ID" NUMBER GENERATED BY DEFAULT AS IDENTITY MINVALUE 1 MAXVALUE 9999999999999999999999999999 INCREMENT BY 1 START WITH 1 CACHE 20 NOORDER  NOCYCLE  NOKEEP  NOSCALE ,
		"ID" NUMBER,
		"STATUS" NUMBER DEFAULT 1,
		"FIRST_NAME" NVARCHAR2(255),
		"MIDDLE_NAME" NVARCHAR2(255),
		"LAST_NAME" NVARCHAR2(255),
		"DATE_OF_BIRTH" DATE,
		"HEALTH_CARD_NUMBER" NVARCHAR2(25),
		"MAILING_ADDRESS" NVARCHAR2(255),
		"CITY_OR_TOWN" NVARCHAR2(100),
		"POSTAL_CODE" NVARCHAR2(25),
		"PHONE" NVARCHAR2(50),
		"EMAIL" NVARCHAR2(255),
		"OTHER_COVERAGE" NVARCHAR2(255),
		"ARE_YOU_ELIGIBLE_FOR_THE_PHARMACARE_AND_EXTENDED_HEALTH_CARE_BEN" NVARCHAR2(255),
		"EMAIL_INSTEAD" NVARCHAR2(255),
		"HAVE_CHILDREN" NVARCHAR2(255),
		"ASK_DEMOGRAPHIC" NVARCHAR2(255),
		"IDENTIFY_GROUPS" BLOB,
		"GENDER" NVARCHAR2(255),
		"EDUCATION" NVARCHAR2(255),
		"OFTEN_BRUSH" NVARCHAR2(255),
		"STATE_TEETH" NVARCHAR2(255),
		"OFTEN_FLOSS" NVARCHAR2(255),
		"STATE_GUMS" NVARCHAR2(255),
		"LAST_SAW_DENTIST" NVARCHAR2(255),
		"REASON_FOR_DENTIST" BLOB,
		"BUY_SUPPLIES" NVARCHAR2(255),
		"PAY_FOR_VISIT" BLOB,
		"BARRIERS" BLOB,
		"PROBLEMS" BLOB,
		"SERVICES_NEEDED" BLOB,
		"CREATED_AT" TIMESTAMP (6) DEFAULT CURRENT_TIMESTAMP,
		"UPDATED_AT" TIMESTAMP (6) DEFAULT CURRENT_TIMESTAMP
	);
	GRANT INSERT ON "DENTAL"."DENTAL_SERVICE_REV" TO "GENERAL";

--------------------------------------------------------
--  DDL for Table DENTAL_STATUS
--------------------------------------------------------

	CREATE TABLE "DENTAL"."DENTAL_STATUS"
		(	"ID" NUMBER GENERATED BY DEFAULT AS IDENTITY MINVALUE 1 MAXVALUE 9999999999999999999999999999 INCREMENT BY 1 START WITH 1 CACHE 20 NOORDER  NOCYCLE  NOKEEP  NOSCALE , 
			"DESCRIPTION" NVARCHAR2(500),
			"CREATED_AT" TIMESTAMP (6) DEFAULT CURRENT_TIMESTAMP,
			"UPDATED_AT" TIMESTAMP (6) DEFAULT CURRENT_TIMESTAMP
		);
	GRANT SELECT ON "DENTAL"."DENTAL_STATUS" TO "GENERAL";

--------------------------------------------------------
--  DDL for Table DENTAL_SERVICE_DEPENDENTS
--------------------------------------------------------

	CREATE TABLE "DENTAL"."DENTAL_SERVICE_DEPENDENTS"
	(	"ID" NUMBER GENERATED BY DEFAULT AS IDENTITY MINVALUE 1 MAXVALUE 9999999999999999999999999999 INCREMENT BY 1 START WITH 1 CACHE 20 NOORDER  NOCYCLE  NOKEEP  NOSCALE , 
		"DENTAL_SERVICE_ID" NUMBER,
		"C_FIRSTNAME" NVARCHAR2(255),
		"C_LASTNAME" NVARCHAR2(255),
		"C_DOB" DATE,
		"C_HEALTHCARE" NVARCHAR2(25),
		"C_APPLY" NVARCHAR2(255),
		"CREATED_AT" TIMESTAMP (6) DEFAULT CURRENT_TIMESTAMP,
		"UPDATED_AT" TIMESTAMP (6) DEFAULT CURRENT_TIMESTAMP
	);
	GRANT SELECT ON "DENTAL"."DENTAL_SERVICE_DEPENDENTS" TO "GENERAL";

--------------------------------------------------------
--  DDL for Table DENTAL_SERVICE_FILES
--------------------------------------------------------

	CREATE TABLE "DENTAL"."DENTAL_SERVICE_FILES"
	(	"ID" NUMBER GENERATED BY DEFAULT AS IDENTITY MINVALUE 1 MAXVALUE 9999999999999999999999999999 INCREMENT BY 1 START WITH 1 CACHE 20 NOORDER  NOCYCLE  NOKEEP  NOSCALE , 
		"DENTAL_SERVICE_ID" NUMBER,
		"DESCRIPTION" NVARCHAR2(255),
		"FILE_NAME" NVARCHAR2(255),
		"FILE_TYPE" NVARCHAR2(255),
		"FILE_SIZE" NVARCHAR2(255),
		"FILE_DATA" BLOB,
		"CREATED_AT" TIMESTAMP (6) DEFAULT CURRENT_TIMESTAMP,
		"UPDATED_AT" TIMESTAMP (6) DEFAULT CURRENT_TIMESTAMP
	);
	GRANT SELECT ON "DENTAL"."DENTAL_SERVICE_FILES" TO "GENERAL";

--------------------------------------------------------
--  DDL for Table DENTAL_SERVICE_INTERNAL_FIELDS
--------------------------------------------------------

	CREATE TABLE "DENTAL"."DENTAL_SERVICE_INTERNAL_FIELDS"
	(	"ID" NUMBER GENERATED BY DEFAULT AS IDENTITY MINVALUE 1 MAXVALUE 9999999999999999999999999999 INCREMENT BY 1 START WITH 1 CACHE 20 NOORDER  NOCYCLE  NOKEEP  NOSCALE , 
		"DENTAL_SERVICE_ID" NUMBER,
		"PROGRAM_YEAR" NVARCHAR2(255),
		"INCOME_AMOUNT" NUMBER,
		"DATE_ENROLLMENT" DATE,
		"POLICY-NUMBER" NVARCHAR2(25),
		"CREATED_AT" TIMESTAMP (6) DEFAULT CURRENT_TIMESTAMP,
		"UPDATED_AT" TIMESTAMP (6) DEFAULT CURRENT_TIMESTAMP
	);
	GRANT SELECT ON "DENTAL"."DENTAL_SERVICE_INTERNAL_FIELDS" TO "GENERAL";

--------------------------------------------------------
--  DDL for Table DENTAL_SERVICE_COMMENTS
--------------------------------------------------------

	CREATE TABLE "DENTAL"."DENTAL_SERVICE_COMMENTS"
	(	"ID" NUMBER GENERATED BY DEFAULT AS IDENTITY MINVALUE 1 MAXVALUE 9999999999999999999999999999 INCREMENT BY 1 START WITH 1 CACHE 20 NOORDER  NOCYCLE  NOKEEP  NOSCALE , 
		"DENTAL_SERVICE_ID" NUMBER,
		"USER_ID" NUMBER,
		"COMMENT" NVARCHAR2(500),
		"CREATED_AT" TIMESTAMP (6) DEFAULT CURRENT_TIMESTAMP,
		"UPDATED_AT" TIMESTAMP (6) DEFAULT CURRENT_TIMESTAMP
	);
	GRANT SELECT ON "DENTAL"."DENTAL_SERVICE_COMMENTS" TO "GENERAL";

--------------------------------------------------------
--  CONSTELLATION_HEALTH catalogue information
--------------------------------------------------------

INSERT INTO CONSTELLATION_HEALTH.CONSTELLATION_HEALTH_DEMOGRAPHICS (ID, VALUE, DESCRIPTION) VALUES (1, 'yukonFN', 'Yukon First Nation');
INSERT INTO CONSTELLATION_HEALTH.CONSTELLATION_HEALTH_DEMOGRAPHICS (ID, VALUE, DESCRIPTION) VALUES (2, 'non-yukonFN', 'Non-Yukon First Nation, Metis, or Inuit');
INSERT INTO CONSTELLATION_HEALTH.CONSTELLATION_HEALTH_DEMOGRAPHICS (ID, VALUE, DESCRIPTION) VALUES (3, 'none', 'None of the above');
INSERT INTO CONSTELLATION_HEALTH.CONSTELLATION_HEALTH_DEMOGRAPHICS (ID, VALUE, DESCRIPTION) VALUES (4, 'not-say', 'Prefer not to say');
INSERT INTO CONSTELLATION_HEALTH.CONSTELLATION_HEALTH_DEMOGRAPHICS (ID, VALUE, DESCRIPTION) VALUES (5, 'they_yukonFN', 'Yukon First Nation');
INSERT INTO CONSTELLATION_HEALTH.CONSTELLATION_HEALTH_DEMOGRAPHICS (ID, VALUE, DESCRIPTION) VALUES (6, 'they_non-yukonFN', 'Non-Yukon First Nation, Metis, or Inuit');


INSERT INTO CONSTELLATION_HEALTH.CONSTELLATION_HEALTH_DIAGNOSIS_HISTORY (ID, VALUE, DESCRIPTION) VALUES (1, 'cancer', 'I have been diagnosed with cancer');
INSERT INTO CONSTELLATION_HEALTH.CONSTELLATION_HEALTH_DIAGNOSIS_HISTORY (ID, VALUE, DESCRIPTION) VALUES (2, 'palliative_diagnosis', 'I have a palliative care diagnosis');
INSERT INTO CONSTELLATION_HEALTH.CONSTELLATION_HEALTH_DIAGNOSIS_HISTORY (ID, VALUE, DESCRIPTION) VALUES (3, 'chronic_condition', 'I have been diagnosed with a chronic health condition (for example: COPD, diabetes, heart disease)');
INSERT INTO CONSTELLATION_HEALTH.CONSTELLATION_HEALTH_DIAGNOSIS_HISTORY (ID, VALUE, DESCRIPTION) VALUES (4, 'disability_limits_daily_act', 'I have a disability that limits my daily activities');
INSERT INTO CONSTELLATION_HEALTH.CONSTELLATION_HEALTH_DIAGNOSIS_HISTORY (ID, VALUE, DESCRIPTION) VALUES (5, 'mental_diagnosis', 'I have a mental health diagnosis or problem that impacts my daily activities');
INSERT INTO CONSTELLATION_HEALTH.CONSTELLATION_HEALTH_DIAGNOSIS_HISTORY (ID, VALUE, DESCRIPTION) VALUES (6, 'covid_complications', 'I have been diagnosed with long-term COVID-19 complications');
INSERT INTO CONSTELLATION_HEALTH.CONSTELLATION_HEALTH_DIAGNOSIS_HISTORY (ID, VALUE, DESCRIPTION) VALUES (7, 'alcohol_substance_misuse', 'I use or have a history of alcohol or substance misuse');
INSERT INTO CONSTELLATION_HEALTH.CONSTELLATION_HEALTH_DIAGNOSIS_HISTORY (ID, VALUE, DESCRIPTION) VALUES (8, 'they_cancer', 'They have been diagnosed with cancer');
INSERT INTO CONSTELLATION_HEALTH.CONSTELLATION_HEALTH_DIAGNOSIS_HISTORY (ID, VALUE, DESCRIPTION) VALUES (9, 'they_palliative_diagnosis', 'They have a palliative care diagnosis');
INSERT INTO CONSTELLATION_HEALTH.CONSTELLATION_HEALTH_DIAGNOSIS_HISTORY (ID, VALUE, DESCRIPTION) VALUES (10, 'they_chronic_condition', 'They have been diagnosed with a chronic health condition (for example: COPD, diabetes, heart disease)');
INSERT INTO CONSTELLATION_HEALTH.CONSTELLATION_HEALTH_DIAGNOSIS_HISTORY (ID, VALUE, DESCRIPTION) VALUES (11, 'they_disability_limits_daily_act', 'They have a disability that limits their daily activities');
INSERT INTO CONSTELLATION_HEALTH.CONSTELLATION_HEALTH_DIAGNOSIS_HISTORY (ID, VALUE, DESCRIPTION) VALUES (12, 'they_mental_diagnosis', 'They have a mental health diagnosis or problem that impacts their daily activities');
INSERT INTO CONSTELLATION_HEALTH.CONSTELLATION_HEALTH_DIAGNOSIS_HISTORY (ID, VALUE, DESCRIPTION) VALUES (13, 'they_covid_complications', 'They have been diagnosed with long-term COVID-19 complications');
INSERT INTO CONSTELLATION_HEALTH.CONSTELLATION_HEALTH_DIAGNOSIS_HISTORY (ID, VALUE, DESCRIPTION) VALUES (14, 'they_alcohol_substance_misuse', 'They use or have a history of alcohol or substance misuse');
INSERT INTO CONSTELLATION_HEALTH.CONSTELLATION_HEALTH_DIAGNOSIS_HISTORY (ID, VALUE, DESCRIPTION) VALUES (15, 'none', 'None of the above');


INSERT INTO CONSTELLATION_HEALTH.CONSTELLATION_HEALTH_LANGUAGE (ID, VALUE, DESCRIPTION) VALUES (1, 'english', 'I prefer to receive services in English');
INSERT INTO CONSTELLATION_HEALTH.CONSTELLATION_HEALTH_LANGUAGE (ID, VALUE, DESCRIPTION) VALUES (2, 'french', 'I prefer to receive services in French');
INSERT INTO CONSTELLATION_HEALTH.CONSTELLATION_HEALTH_LANGUAGE (ID, VALUE, DESCRIPTION) VALUES (3, 'other_language', 'I prefer to receive services in another language');
INSERT INTO CONSTELLATION_HEALTH.CONSTELLATION_HEALTH_LANGUAGE (ID, VALUE, DESCRIPTION) VALUES (4, 'they_english', 'They prefer to receive services in English');
INSERT INTO CONSTELLATION_HEALTH.CONSTELLATION_HEALTH_LANGUAGE (ID, VALUE, DESCRIPTION) VALUES (5, 'they_french', 'They prefer to receive services in French');
INSERT INTO CONSTELLATION_HEALTH.CONSTELLATION_HEALTH_LANGUAGE (ID, VALUE, DESCRIPTION) VALUES (6, 'they_other_language', 'They prefer to receive services in another language');


INSERT INTO CONSTELLATION_HEALTH.CONSTELLATION_STATUS (ID, DESCRIPTION) VALUES (1, 'New/Unread');
INSERT INTO CONSTELLATION_HEALTH.CONSTELLATION_STATUS (ID, DESCRIPTION) VALUES (2, 'Entered');
INSERT INTO CONSTELLATION_HEALTH.CONSTELLATION_STATUS (ID, DESCRIPTION) VALUES (3, 'Declined');
INSERT INTO CONSTELLATION_HEALTH.CONSTELLATION_STATUS (ID, DESCRIPTION) VALUES (4, 'Closed');

--------------------------------------------------------
--  HIPMA catalogue information
--------------------------------------------------------
INSERT INTO HIPMA.HIPMA_COPY_ACTIVITY_REQUEST VALUES (1, 'Send me a copy by email', CURRENT_TIMESTAMP, CURRENT_TIMESTAMP);
INSERT INTO HIPMA.HIPMA_COPY_ACTIVITY_REQUEST VALUES (2, 'Mail me a copy', CURRENT_TIMESTAMP, CURRENT_TIMESTAMP);


INSERT INTO HIPMA.HIPMA_COPY_HEALTH_INFORMATION VALUES (1, 'Send me a copy by email', CURRENT_TIMESTAMP, CURRENT_TIMESTAMP);
INSERT INTO HIPMA.HIPMA_COPY_HEALTH_INFORMATION VALUES (2, 'Mail me a copy', CURRENT_TIMESTAMP, CURRENT_TIMESTAMP);
INSERT INTO HIPMA.HIPMA_COPY_HEALTH_INFORMATION VALUES (3, 'I would like to view the original records in person', CURRENT_TIMESTAMP, CURRENT_TIMESTAMP);

INSERT INTO HIPMA.HIPMA_HEALTH_SOCIAL_SERVICES_PROGRAM VALUES (1, 'Community Nursing (includes records held at all community health centres)', CURRENT_TIMESTAMP, CURRENT_TIMESTAMP);
INSERT INTO HIPMA.HIPMA_HEALTH_SOCIAL_SERVICES_PROGRAM VALUES (2, 'Family and Children''s Services (records pertaining to children in care, child abuse investigations etc.)', CURRENT_TIMESTAMP, CURRENT_TIMESTAMP);
INSERT INTO HIPMA.HIPMA_HEALTH_SOCIAL_SERVICES_PROGRAM VALUES (3, 'Mental Wellness and Substance Use (records held at the Referred Care Clinic, mental health support services, etc.)', CURRENT_TIMESTAMP, CURRENT_TIMESTAMP);
INSERT INTO HIPMA.HIPMA_HEALTH_SOCIAL_SERVICES_PROGRAM VALUES (4, 'Program area is unknown or not listed', CURRENT_TIMESTAMP, CURRENT_TIMESTAMP);
INSERT INTO HIPMA.HIPMA_HEALTH_SOCIAL_SERVICES_PROGRAM VALUES (5, 'Continuing care (Whistlebend Place, Copper Ridge Place, Thompson Centre, home care)', CURRENT_TIMESTAMP, CURRENT_TIMESTAMP);

INSERT INTO HIPMA.HIPMA_HSS_SYSTEMS VALUES (1, 'Panorama (immunization records)', CURRENT_TIMESTAMP, CURRENT_TIMESTAMP);
INSERT INTO HIPMA.HIPMA_HSS_SYSTEMS VALUES (2, 'Chronic Disease Management Toolkit (CDM)', CURRENT_TIMESTAMP, CURRENT_TIMESTAMP);
INSERT INTO HIPMA.HIPMA_HSS_SYSTEMS VALUES (3, 'Client Registry (e.g. name, address, phone number)', CURRENT_TIMESTAMP, CURRENT_TIMESTAMP);
INSERT INTO HIPMA.HIPMA_HSS_SYSTEMS VALUES (4, 'Drug Information system (prescriptions)', CURRENT_TIMESTAMP, CURRENT_TIMESTAMP);
INSERT INTO HIPMA.HIPMA_HSS_SYSTEMS VALUES (5, 'Lab Information System (lab tests)', CURRENT_TIMESTAMP, CURRENT_TIMESTAMP);
INSERT INTO HIPMA.HIPMA_HSS_SYSTEMS VALUES (6, 'HSS system is unknown', CURRENT_TIMESTAMP, CURRENT_TIMESTAMP);

INSERT INTO HIPMA.HIPMA_REQUEST_ACCESS_PERSONAL_HEALTH_INFORMATION VALUES (1, 'I''m requesting access to my personal health information.', CURRENT_TIMESTAMP, CURRENT_TIMESTAMP);
INSERT INTO HIPMA.HIPMA_REQUEST_ACCESS_PERSONAL_HEALTH_INFORMATION VALUES (2, 'I''m requesting access on behalf of another individual.', CURRENT_TIMESTAMP, CURRENT_TIMESTAMP);

INSERT INTO HIPMA.HIPMA_REQUEST_TYPE VALUES (1, 'A request for your personal health information.', CURRENT_TIMESTAMP, CURRENT_TIMESTAMP);
INSERT INTO HIPMA.HIPMA_REQUEST_TYPE VALUES (2, 'A request for a record of user activity.', CURRENT_TIMESTAMP, CURRENT_TIMESTAMP);

INSERT INTO HIPMA.HIPMA_SITUATIONS VALUES (1, 'Parent/guardian requesting records on behalf of their child.', CURRENT_TIMESTAMP, CURRENT_TIMESTAMP);
INSERT INTO HIPMA.HIPMA_SITUATIONS VALUES (2, 'Personal representative requesting records of a deceased individual.', CURRENT_TIMESTAMP, CURRENT_TIMESTAMP);
INSERT INTO HIPMA.HIPMA_SITUATIONS VALUES (3, 'Substitute decision maker request.', CURRENT_TIMESTAMP, CURRENT_TIMESTAMP);
INSERT INTO HIPMA.HIPMA_SITUATIONS VALUES (4, 'Request on behalf of another individual.', CURRENT_TIMESTAMP, CURRENT_TIMESTAMP);

INSERT INTO HIPMA.HIPMA_STATUS (ID,DESCRIPTION,CREATED_AT,UPDATED_AT) values (1,'New/Unread', CURRENT_TIMESTAMP, CURRENT_TIMESTAMP);
INSERT INTO HIPMA.HIPMA_STATUS (ID,DESCRIPTION,CREATED_AT,UPDATED_AT) values (2,'Closed', CURRENT_TIMESTAMP, CURRENT_TIMESTAMP);

--------------------------------------------------------
--  GENERAL CONFIGURATION
--------------------------------------------------------
Insert into GENERAL.CONFIG (ID,TYPE,NAME,VAL_STR1,VAL_STR2,VAL_STR3,VAL_INT1,VAL_INT2,VAL_INT3,VAL_DATE1,VAL_DATE2,VAL_DATE3) values (1,'SCHEMA_TITLE','CONSTELLATION_HEALTH','Constellation Health',null,null,null,null,null,null,null,null);
Insert into GENERAL.CONFIG (ID,TYPE,NAME,VAL_STR1,VAL_STR2,VAL_STR3,VAL_INT1,VAL_INT2,VAL_INT3,VAL_DATE1,VAL_DATE2,VAL_DATE3) values (2,'SCHEMA_TITLE','HIPMA','Hipma',null,null,null,null,null,null,null,null);
Insert into GENERAL.CONFIG (ID,TYPE,NAME,VAL_STR1,VAL_STR2,VAL_STR3,VAL_INT1,VAL_INT2,VAL_INT3,VAL_DATE1,VAL_DATE2,VAL_DATE3) values (4,'SCHEMA_CHART_COLOR','CONSTELLATION_HEALTH','#DC4405',null,null,null,null,null,null,null,null);
Insert into GENERAL.CONFIG (ID,TYPE,NAME,VAL_STR1,VAL_STR2,VAL_STR3,VAL_INT1,VAL_INT2,VAL_INT3,VAL_DATE1,VAL_DATE2,VAL_DATE3) values (5,'SCHEMA_CHART_COLOR','HIPMA','#522A44',null,null,null,null,null,null,null,null);
Insert into GENERAL.CONFIG (ID,TYPE,NAME,VAL_STR1,VAL_STR2,VAL_STR3,VAL_INT1,VAL_INT2,VAL_INT3,VAL_DATE1,VAL_DATE2,VAL_DATE3) values (6,'SCHEMA_CHART_COLOR','MIDWIFERY','#0097A9',null,null,null,null,null,null,null,null);
Insert into GENERAL.CONFIG (ID,TYPE,NAME,VAL_STR1,VAL_STR2,VAL_STR3,VAL_INT1,VAL_INT2,VAL_INT3,VAL_DATE1,VAL_DATE2,VAL_DATE3) values (7,'ICONS','EVENT_TYPE_INSERT','event_type_insert.png',null,null,1,null,null,null,null,null);
Insert into GENERAL.CONFIG (ID,TYPE,NAME,VAL_STR1,VAL_STR2,VAL_STR3,VAL_INT1,VAL_INT2,VAL_INT3,VAL_DATE1,VAL_DATE2,VAL_DATE3) values (8,'ICONS','EVENT_TYPE_UPDATE','event_type_update.png',null,null,2,null,null,null,null,null);
Insert into GENERAL.CONFIG (ID,TYPE,NAME,VAL_STR1,VAL_STR2,VAL_STR3,VAL_INT1,VAL_INT2,VAL_INT3,VAL_DATE1,VAL_DATE2,VAL_DATE3) values (9,'ICONS','EVENT_TYPE_DELETE','event_type_delete.png',null,null,4,null,null,null,null,null);
Insert into GENERAL.CONFIG (ID,TYPE,NAME,VAL_STR1,VAL_STR2,VAL_STR3,VAL_INT1,VAL_INT2,VAL_INT3,VAL_DATE1,VAL_DATE2,VAL_DATE3) values (3,'SCHEMA_TITLE','MIDWIFERY','Midwifery Services',null,null,null,null,null,null,null,null);
Insert into GENERAL.CONFIG (ID,TYPE,NAME,VAL_STR1,VAL_STR2,VAL_STR3,VAL_INT1,VAL_INT2,VAL_INT3,VAL_DATE1,VAL_DATE2,VAL_DATE3) values (10,'SCHEMA_PERMISSION_VIEW','CONSTELLATION_HEALTH','constellation_view',null,null,null,null,null,null,null,null);
Insert into GENERAL.CONFIG (ID,TYPE,NAME,VAL_STR1,VAL_STR2,VAL_STR3,VAL_INT1,VAL_INT2,VAL_INT3,VAL_DATE1,VAL_DATE2,VAL_DATE3) values (11,'SCHEMA_PERMISSION_VIEW','HIPMA','hipma_view',null,null,null,null,null,null,null,null);
Insert into GENERAL.CONFIG (ID,TYPE,NAME,VAL_STR1,VAL_STR2,VAL_STR3,VAL_INT1,VAL_INT2,VAL_INT3,VAL_DATE1,VAL_DATE2,VAL_DATE3) values (12,'SCHEMA_PERMISSION_VIEW','MIDWIFERY','midwifery_view',null,null,null,null,null,null,null,null);
Insert into GENERAL.CONFIG (ID,TYPE,NAME,VAL_STR1,VAL_STR2,VAL_STR3,VAL_INT1,VAL_INT2,VAL_INT3,VAL_DATE1,VAL_DATE2,VAL_DATE3) values (13,'STATUS_CHART_COLOR','CONSTELLATION_HEALTH','#41b883',null,null,1,null,null,null,null,null);
Insert into GENERAL.CONFIG (ID,TYPE,NAME,VAL_STR1,VAL_STR2,VAL_STR3,VAL_INT1,VAL_INT2,VAL_INT3,VAL_DATE1,VAL_DATE2,VAL_DATE3) values (14,'STATUS_CHART_COLOR','CONSTELLATION_HEALTH','#1a1aff',null,null,2,null,null,null,null,null);
Insert into GENERAL.CONFIG (ID,TYPE,NAME,VAL_STR1,VAL_STR2,VAL_STR3,VAL_INT1,VAL_INT2,VAL_INT3,VAL_DATE1,VAL_DATE2,VAL_DATE3) values (15,'STATUS_CHART_COLOR','CONSTELLATION_HEALTH','#f3b228',null,null,3,null,null,null,null,null);
Insert into GENERAL.CONFIG (ID,TYPE,NAME,VAL_STR1,VAL_STR2,VAL_STR3,VAL_INT1,VAL_INT2,VAL_INT3,VAL_DATE1,VAL_DATE2,VAL_DATE3) values (16,'STATUS_CHART_COLOR','CONSTELLATION_HEALTH','#dd3e22',null,null,4,null,null,null,null,null);
Insert into GENERAL.CONFIG (ID,TYPE,NAME,VAL_STR1,VAL_STR2,VAL_STR3,VAL_INT1,VAL_INT2,VAL_INT3,VAL_DATE1,VAL_DATE2,VAL_DATE3) values (17,'STATUS_CHART_COLOR','HIPMA','#41b883',null,null,1,null,null,null,null,null);
Insert into GENERAL.CONFIG (ID,TYPE,NAME,VAL_STR1,VAL_STR2,VAL_STR3,VAL_INT1,VAL_INT2,VAL_INT3,VAL_DATE1,VAL_DATE2,VAL_DATE3) values (18,'STATUS_CHART_COLOR','HIPMA','#1a1aff',null,null,2,null,null,null,null,null);
Insert into GENERAL.CONFIG (ID,TYPE,NAME,VAL_STR1,VAL_STR2,VAL_STR3,VAL_INT1,VAL_INT2,VAL_INT3,VAL_DATE1,VAL_DATE2,VAL_DATE3) values (19,'STATUS_CHART_COLOR','HIPMA','#f3b228',null,null,3,null,null,null,null,null);
Insert into GENERAL.CONFIG (ID,TYPE,NAME,VAL_STR1,VAL_STR2,VAL_STR3,VAL_INT1,VAL_INT2,VAL_INT3,VAL_DATE1,VAL_DATE2,VAL_DATE3) values (20,'STATUS_CHART_COLOR','HIPMA','#dd3e22',null,null,4,null,null,null,null,null);
Insert into GENERAL.CONFIG (ID,TYPE,NAME,VAL_STR1,VAL_STR2,VAL_STR3,VAL_INT1,VAL_INT2,VAL_INT3,VAL_DATE1,VAL_DATE2,VAL_DATE3) values (21,'STATUS_CHART_COLOR','MIDWIFERY','#41b883',null,null,1,null,null,null,null,null);
Insert into GENERAL.CONFIG (ID,TYPE,NAME,VAL_STR1,VAL_STR2,VAL_STR3,VAL_INT1,VAL_INT2,VAL_INT3,VAL_DATE1,VAL_DATE2,VAL_DATE3) values (22,'STATUS_CHART_COLOR','MIDWIFERY','#1a1aff',null,null,2,null,null,null,null,null);
Insert into GENERAL.CONFIG (ID,TYPE,NAME,VAL_STR1,VAL_STR2,VAL_STR3,VAL_INT1,VAL_INT2,VAL_INT3,VAL_DATE1,VAL_DATE2,VAL_DATE3) values (23,'STATUS_CHART_COLOR','MIDWIFERY','#f3b228',null,null,3,null,null,null,null,null);
Insert into GENERAL.CONFIG (ID,TYPE,NAME,VAL_STR1,VAL_STR2,VAL_STR3,VAL_INT1,VAL_INT2,VAL_INT3,VAL_DATE1,VAL_DATE2,VAL_DATE3) values (24,'STATUS_CHART_COLOR','MIDWIFERY','#dd3e22',null,null,4,null,null,null,null,null);
Insert into GENERAL.CONFIG (ID,TYPE,NAME,VAL_STR1,VAL_STR2,VAL_STR3,VAL_INT1,VAL_INT2,VAL_INT3,VAL_DATE1,VAL_DATE2,VAL_DATE3) values (25,'ICONS','EVENT_TYPE_UPDATE','event_type_update.png',null,null,3,null,null,null,null,null);

Insert into GENERAL.EVENTS (ID,EVENT_TYPE,TITLE,EVENT_BY,EVENT_DATE,SCHEMA_NAME,TABLE_NAME,ENTITY_ID,GUID,UUID,REV_ID) values (65,1,'INSERT','system',to_timestamp('14-MAR-23 12.22.55.605366000 AM','DD-MON-RR HH.MI.SSXFF AM'),'MIDWIFERY','MIDWIFERY_SERVICES',7,'F6D7362CAA404011E05302001CAC54F2','AAASjqAAMAAAAIlAAA',null);
Insert into GENERAL.EVENTS (ID,EVENT_TYPE,TITLE,EVENT_BY,EVENT_DATE,SCHEMA_NAME,TABLE_NAME,ENTITY_ID,GUID,UUID,REV_ID) values (66,3,'UPDATE_OLD','system',to_timestamp('14-MAR-23 12.23.05.876500000 AM','DD-MON-RR HH.MI.SSXFF AM'),'MIDWIFERY','MIDWIFERY_SERVICES',2,'F6D7362CAA414011E05302001CAC54F2','AAASjqAAMAAAAImAAB',1);
Insert into GENERAL.EVENTS (ID,EVENT_TYPE,TITLE,EVENT_BY,EVENT_DATE,SCHEMA_NAME,TABLE_NAME,ENTITY_ID,GUID,UUID,REV_ID) values (67,3,'UPDATE_OLD','system',to_timestamp('14-MAR-23 12.23.05.880154000 AM','DD-MON-RR HH.MI.SSXFF AM'),'MIDWIFERY','MIDWIFERY_SERVICES',4,'F6D7362CAA424011E05302001CAC54F2','AAASjqAAMAAAAImAAD',2);
Insert into GENERAL.EVENTS (ID,EVENT_TYPE,TITLE,EVENT_BY,EVENT_DATE,SCHEMA_NAME,TABLE_NAME,ENTITY_ID,GUID,UUID,REV_ID) values (68,3,'UPDATE_OLD','system',to_timestamp('14-MAR-23 12.23.05.884231000 AM','DD-MON-RR HH.MI.SSXFF AM'),'MIDWIFERY','MIDWIFERY_SERVICES',5,'F6D7362CAA434011E05302001CAC54F2','AAASjqAAMAAAAInAAA',3);
Insert into GENERAL.EVENTS (ID,EVENT_TYPE,TITLE,EVENT_BY,EVENT_DATE,SCHEMA_NAME,TABLE_NAME,ENTITY_ID,GUID,UUID,REV_ID) values (45,1,'INSERT','system',to_timestamp('12-MAR-23 11.45.03.272802000 PM','DD-MON-RR HH.MI.SSXFF AM'),'CONSTELLATION_HEALTH','CONSTELLATION_HEALTH',8,'F6735A138E191093E05302001CAC9BA1','AAAShHAAMAAAACGAAA',null);
Insert into GENERAL.EVENTS (ID,EVENT_TYPE,TITLE,EVENT_BY,EVENT_DATE,SCHEMA_NAME,TABLE_NAME,ENTITY_ID,GUID,UUID,REV_ID) values (46,1,'INSERT','system',to_timestamp('12-MAR-23 11.47.36.781233000 PM','DD-MON-RR HH.MI.SSXFF AM'),'CONSTELLATION_HEALTH','CONSTELLATION_HEALTH',9,'F6735A138E1A1093E05302001CAC9BA1','AAAShHAAMAAAACGAAB',null);
Insert into GENERAL.EVENTS (ID,EVENT_TYPE,TITLE,EVENT_BY,EVENT_DATE,SCHEMA_NAME,TABLE_NAME,ENTITY_ID,GUID,UUID,REV_ID) values (47,4,'DELETE','system',to_timestamp('12-MAR-23 11.48.38.489658000 PM','DD-MON-RR HH.MI.SSXFF AM'),'CONSTELLATION_HEALTH','CONSTELLATION_HEALTH',9,'F6735A138E1B1093E05302001CAC9BA1','AAAShHAAMAAAACGAAB',23);
Insert into GENERAL.EVENTS (ID,EVENT_TYPE,TITLE,EVENT_BY,EVENT_DATE,SCHEMA_NAME,TABLE_NAME,ENTITY_ID,GUID,UUID,REV_ID) values (48,3,'UPDATE_OLD','system',to_timestamp('13-MAR-23 06.04.13.230343000 PM','DD-MON-RR HH.MI.SSXFF AM'),'CONSTELLATION_HEALTH','CONSTELLATION_HEALTH',3,'F6735A138E1C1093E05302001CAC9BA1','AAAShHAAMAAAACEAAG',24);
Insert into GENERAL.EVENTS (ID,EVENT_TYPE,TITLE,EVENT_BY,EVENT_DATE,SCHEMA_NAME,TABLE_NAME,ENTITY_ID,GUID,UUID,REV_ID) values (61,1,'INSERT','system',to_timestamp('13-MAR-23 11.55.29.596883000 PM','DD-MON-RR HH.MI.SSXFF AM'),'HIPMA','HEALTH_INFORMATION',6,'F6735A138E1F1093E05302001CAC9BA1','AAAShlAAMAAAAEGAAA',null);
Insert into GENERAL.EVENTS (ID,EVENT_TYPE,TITLE,EVENT_BY,EVENT_DATE,SCHEMA_NAME,TABLE_NAME,ENTITY_ID,GUID,UUID,REV_ID) values (62,3,'UPDATE_OLD','system',to_timestamp('13-MAR-23 11.55.58.592303000 PM','DD-MON-RR HH.MI.SSXFF AM'),'HIPMA','HEALTH_INFORMATION',2,'F6735A138E201093E05302001CAC9BA1','AAAShlAAMAAAAEEAAC',1);
Insert into GENERAL.EVENTS (ID,EVENT_TYPE,TITLE,EVENT_BY,EVENT_DATE,SCHEMA_NAME,TABLE_NAME,ENTITY_ID,GUID,UUID,REV_ID) values (63,3,'UPDATE_OLD','system',to_timestamp('13-MAR-23 11.55.58.596400000 PM','DD-MON-RR HH.MI.SSXFF AM'),'HIPMA','HEALTH_INFORMATION',4,'F6735A138E211093E05302001CAC9BA1','AAAShlAAMAAAAEEAAE',2);
Insert into GENERAL.EVENTS (ID,EVENT_TYPE,TITLE,EVENT_BY,EVENT_DATE,SCHEMA_NAME,TABLE_NAME,ENTITY_ID,GUID,UUID,REV_ID) values (64,3,'UPDATE_OLD','system',to_timestamp('13-MAR-23 11.55.58.600733000 PM','DD-MON-RR HH.MI.SSXFF AM'),'HIPMA','HEALTH_INFORMATION',5,'F6735A138E221093E05302001CAC9BA1','AAAShlAAMAAAAEEAAF',3);
Insert into GENERAL.EVENTS (ID,EVENT_TYPE,TITLE,EVENT_BY,EVENT_DATE,SCHEMA_NAME,TABLE_NAME,ENTITY_ID,GUID,UUID,REV_ID) values (43,3,'UPDATE_OLD','system',to_timestamp('12-MAR-23 11.17.46.622900000 PM','DD-MON-RR HH.MI.SSXFF AM'),'CONSTELLATION_HEALTH','CONSTELLATION_HEALTH',4,'F6735A138E171093E05302001CAC9BA1','AAAShHAAMAAAACEAAF',21);
Insert into GENERAL.EVENTS (ID,EVENT_TYPE,TITLE,EVENT_BY,EVENT_DATE,SCHEMA_NAME,TABLE_NAME,ENTITY_ID,GUID,UUID,REV_ID) values (44,3,'UPDATE_OLD','system',to_timestamp('12-MAR-23 11.38.38.547705000 PM','DD-MON-RR HH.MI.SSXFF AM'),'CONSTELLATION_HEALTH','CONSTELLATION_HEALTH',1,'F6735A138E181093E05302001CAC9BA1','AAAShHAAMAAAACEAAD',22);
Insert into GENERAL.EVENTS (ID,EVENT_TYPE,TITLE,EVENT_BY,EVENT_DATE,SCHEMA_NAME,TABLE_NAME,ENTITY_ID,GUID,UUID,REV_ID) values (69,3,'UPDATE_OLD','system',to_timestamp('26-MAR-23 11.55.58.592303000 PM','DD-MON-RR HH.MI.SSXFF AM'),'HIPMA','HEALTH_INFORMATION',2,'F6735A138E201093E05302001CAC9BA1','AAAShlAAMAAAAEEAAC',1);
Insert into GENERAL.EVENTS (ID,EVENT_TYPE,TITLE,EVENT_BY,EVENT_DATE,SCHEMA_NAME,TABLE_NAME,ENTITY_ID,GUID,UUID,REV_ID) values (70,3,'UPDATE_OLD','system',to_timestamp('26-MAR-23 11.55.58.596400000 PM','DD-MON-RR HH.MI.SSXFF AM'),'HIPMA','HEALTH_INFORMATION',4,'F6735A138E211093E05302001CAC9BA1','AAAShlAAMAAAAEEAAE',2);
Insert into GENERAL.EVENTS (ID,EVENT_TYPE,TITLE,EVENT_BY,EVENT_DATE,SCHEMA_NAME,TABLE_NAME,ENTITY_ID,GUID,UUID,REV_ID) values (71,3,'UPDATE_OLD','system',to_timestamp('26-MAR-23 11.55.58.600733000 PM','DD-MON-RR HH.MI.SSXFF AM'),'HIPMA','HEALTH_INFORMATION',5,'F6735A138E221093E05302001CAC9BA1','AAAShlAAMAAAAEEAAF',3);

Insert into GENERAL.EVENT_RULES (ID,EVENT_TYPE,TITLE,TRANSFORM_VALUE,COLUMN_KEY,IS_ENABLED) values (1,3,'Submission %s','GETVALUEFORRULESTATUS(:1, :2, :3, :4)','status','1');
Insert into GENERAL.EVENT_RULES (ID,EVENT_TYPE,TITLE,TRANSFORM_VALUE,COLUMN_KEY,IS_ENABLED) values (2,3,'Name Changed to %s','GETVALUEFORRULENAME(:1, :2, :3, :4)','first_name','0');
Insert into GENERAL.EVENT_RULES (ID,EVENT_TYPE,TITLE,TRANSFORM_VALUE,COLUMN_KEY,IS_ENABLED) values (3,1,'New Submission',null,null,'1');
Insert into GENERAL.EVENT_RULES (ID,EVENT_TYPE,TITLE,TRANSFORM_VALUE,COLUMN_KEY,IS_ENABLED) values (4,4,'Submission Deleted',null,null,'1');

Insert into GENERAL.EVENT_TYPE (ID,DESCIPTION,CREATED_AT) values (1,'Inserted',to_timestamp('07-MAR-23 01.08.51.000000000 AM','DD-MON-RR HH.MI.SSXFF AM'));
Insert into GENERAL.EVENT_TYPE (ID,DESCIPTION,CREATED_AT) values (2,'Updated New',to_timestamp('07-MAR-23 01.08.51.000000000 AM','DD-MON-RR HH.MI.SSXFF AM'));
Insert into GENERAL.EVENT_TYPE (ID,DESCIPTION,CREATED_AT) values (3,'Updated Old',to_timestamp('07-MAR-23 01.08.51.000000000 AM','DD-MON-RR HH.MI.SSXFF AM'));
Insert into GENERAL.EVENT_TYPE (ID,DESCIPTION,CREATED_AT) values (4,'Deleted',to_timestamp('07-MAR-23 01.08.51.000000000 AM','DD-MON-RR HH.MI.SSXFF AM'));

Insert into GENERAL.PERMISSION_DATA (ID,PERMISSION_NAME,PERMISSION_DESC,PERMISSION_CATEGORY) values (13,'dashboard_view','Dashboard View','General');
Insert into GENERAL.PERMISSION_DATA (ID,PERMISSION_NAME,PERMISSION_DESC,PERMISSION_CATEGORY) values (1,'constellation_create','Constellation Create','Constellation');
Insert into GENERAL.PERMISSION_DATA (ID,PERMISSION_NAME,PERMISSION_DESC,PERMISSION_CATEGORY) values (2,'constellation_delete','Constellation Delete','Constellation');
Insert into GENERAL.PERMISSION_DATA (ID,PERMISSION_NAME,PERMISSION_DESC,PERMISSION_CATEGORY) values (3,'constellation_update','Constellation Update','Constellation');
Insert into GENERAL.PERMISSION_DATA (ID,PERMISSION_NAME,PERMISSION_DESC,PERMISSION_CATEGORY) values (4,'constellation_view','Constellation View','Constellation');
Insert into GENERAL.PERMISSION_DATA (ID,PERMISSION_NAME,PERMISSION_DESC,PERMISSION_CATEGORY) values (5,'hipma_create','Hipma Create','Hipma');
Insert into GENERAL.PERMISSION_DATA (ID,PERMISSION_NAME,PERMISSION_DESC,PERMISSION_CATEGORY) values (6,'hipma_delete','Hipma Delete','Hipma');
Insert into GENERAL.PERMISSION_DATA (ID,PERMISSION_NAME,PERMISSION_DESC,PERMISSION_CATEGORY) values (7,'hipma_update','Hipma Update','Hipma');
Insert into GENERAL.PERMISSION_DATA (ID,PERMISSION_NAME,PERMISSION_DESC,PERMISSION_CATEGORY) values (8,'hipma_view','Hipma View','Hipma');
Insert into GENERAL.PERMISSION_DATA (ID,PERMISSION_NAME,PERMISSION_DESC,PERMISSION_CATEGORY) values (9,'midwifery_create','Midwifery Create','Midwifery');
Insert into GENERAL.PERMISSION_DATA (ID,PERMISSION_NAME,PERMISSION_DESC,PERMISSION_CATEGORY) values (10,'midwifery_delete','Midwifery Delete','Midwifery');
Insert into GENERAL.PERMISSION_DATA (ID,PERMISSION_NAME,PERMISSION_DESC,PERMISSION_CATEGORY) values (11,'midwifery_update','Midwifery Update','Midwifery');
Insert into GENERAL.PERMISSION_DATA (ID,PERMISSION_NAME,PERMISSION_DESC,PERMISSION_CATEGORY) values (12,'midwifery_view','Midwifery View','Midwifery');
Insert into GENERAL.PERMISSION_DATA (ID,PERMISSION_NAME,PERMISSION_DESC,PERMISSION_CATEGORY) values (14,'dental_create','Dental Create','Dental');
Insert into GENERAL.PERMISSION_DATA (ID,PERMISSION_NAME,PERMISSION_DESC,PERMISSION_CATEGORY) values (15,'dental_delete','Dental Delete','Dental');
Insert into GENERAL.PERMISSION_DATA (ID,PERMISSION_NAME,PERMISSION_DESC,PERMISSION_CATEGORY) values (16,'dental_update','Dental Update','Dental');
Insert into GENERAL.PERMISSION_DATA (ID,PERMISSION_NAME,PERMISSION_DESC,PERMISSION_CATEGORY) values (17,'dental_view','Dental View','Dental');

Insert into GENERAL.ROLES_DATA (ID,ROLE_NAME) values (1,'Admin');
Insert into GENERAL.ROLES_DATA (ID,ROLE_NAME) values (2,'Constellation Admin');
Insert into GENERAL.ROLES_DATA (ID,ROLE_NAME) values (3,'Constellation Editor');
Insert into GENERAL.ROLES_DATA (ID,ROLE_NAME) values (4,'Hipma Admin');
Insert into GENERAL.ROLES_DATA (ID,ROLE_NAME) values (5,'Hipma Editor');
Insert into GENERAL.ROLES_DATA (ID,ROLE_NAME) values (6,'Midwifery Admin');
Insert into GENERAL.ROLES_DATA (ID,ROLE_NAME) values (7,'Dental Admin');
Insert into GENERAL.ROLES_DATA (ID,ROLE_NAME) values (8,'Dental Editor');

Insert into GENERAL.ROLE_PERMISSIONS (ID,ROLE_ID,PERMISSION_ID) values (1,1,1);
Insert into GENERAL.ROLE_PERMISSIONS (ID,ROLE_ID,PERMISSION_ID) values (2,1,2);
Insert into GENERAL.ROLE_PERMISSIONS (ID,ROLE_ID,PERMISSION_ID) values (3,1,3);
Insert into GENERAL.ROLE_PERMISSIONS (ID,ROLE_ID,PERMISSION_ID) values (4,1,4);
Insert into GENERAL.ROLE_PERMISSIONS (ID,ROLE_ID,PERMISSION_ID) values (5,1,5);
Insert into GENERAL.ROLE_PERMISSIONS (ID,ROLE_ID,PERMISSION_ID) values (6,1,6);
Insert into GENERAL.ROLE_PERMISSIONS (ID,ROLE_ID,PERMISSION_ID) values (7,1,7);
Insert into GENERAL.ROLE_PERMISSIONS (ID,ROLE_ID,PERMISSION_ID) values (8,1,8);
Insert into GENERAL.ROLE_PERMISSIONS (ID,ROLE_ID,PERMISSION_ID) values (9,1,9);
Insert into GENERAL.ROLE_PERMISSIONS (ID,ROLE_ID,PERMISSION_ID) values (10,1,10);
Insert into GENERAL.ROLE_PERMISSIONS (ID,ROLE_ID,PERMISSION_ID) values (11,1,11);
Insert into GENERAL.ROLE_PERMISSIONS (ID,ROLE_ID,PERMISSION_ID) values (12,1,12);
Insert into GENERAL.ROLE_PERMISSIONS (ID,ROLE_ID,PERMISSION_ID) values (13,2,1);
Insert into GENERAL.ROLE_PERMISSIONS (ID,ROLE_ID,PERMISSION_ID) values (14,2,2);
Insert into GENERAL.ROLE_PERMISSIONS (ID,ROLE_ID,PERMISSION_ID) values (15,2,3);
Insert into GENERAL.ROLE_PERMISSIONS (ID,ROLE_ID,PERMISSION_ID) values (16,2,4);
Insert into GENERAL.ROLE_PERMISSIONS (ID,ROLE_ID,PERMISSION_ID) values (17,3,1);
Insert into GENERAL.ROLE_PERMISSIONS (ID,ROLE_ID,PERMISSION_ID) values (18,3,3);
Insert into GENERAL.ROLE_PERMISSIONS (ID,ROLE_ID,PERMISSION_ID) values (19,3,4);
Insert into GENERAL.ROLE_PERMISSIONS (ID,ROLE_ID,PERMISSION_ID) values (20,4,8);
Insert into GENERAL.ROLE_PERMISSIONS (ID,ROLE_ID,PERMISSION_ID) values (21,1,13);
Insert into GENERAL.ROLE_PERMISSIONS (ID,ROLE_ID,PERMISSION_ID) values (22,2,13);
Insert into GENERAL.ROLE_PERMISSIONS (ID,ROLE_ID,PERMISSION_ID) values (24,6,9);
Insert into GENERAL.ROLE_PERMISSIONS (ID,ROLE_ID,PERMISSION_ID) values (25,6,10);
Insert into GENERAL.ROLE_PERMISSIONS (ID,ROLE_ID,PERMISSION_ID) values (26,6,11);
Insert into GENERAL.ROLE_PERMISSIONS (ID,ROLE_ID,PERMISSION_ID) values (27,6,12);
Insert into GENERAL.ROLE_PERMISSIONS (ID,ROLE_ID,PERMISSION_ID) values (28,4,5);
Insert into GENERAL.ROLE_PERMISSIONS (ID,ROLE_ID,PERMISSION_ID) values (29,4,6);
Insert into GENERAL.ROLE_PERMISSIONS (ID,ROLE_ID,PERMISSION_ID) values (30,4,7);
Insert into GENERAL.ROLE_PERMISSIONS (ID,ROLE_ID,PERMISSION_ID) values (32,4,13);
Insert into GENERAL.ROLE_PERMISSIONS (ID,ROLE_ID,PERMISSION_ID) values (33,6,13);
Insert into GENERAL.ROLE_PERMISSIONS (ID,ROLE_ID,PERMISSION_ID) values (34,7,14);
Insert into GENERAL.ROLE_PERMISSIONS (ID,ROLE_ID,PERMISSION_ID) values (35,7,15);
Insert into GENERAL.ROLE_PERMISSIONS (ID,ROLE_ID,PERMISSION_ID) values (36,7,16);
Insert into GENERAL.ROLE_PERMISSIONS (ID,ROLE_ID,PERMISSION_ID) values (37,7,17);


--------------------------------------------------------
--  MIDWIFERY catalogue information
--------------------------------------------------------
INSERT INTO MIDWIFERY.MIDWIFERY_BIRTH_LOCATIONS VALUES (1, 'home', 'I would prefer to give birth at home.', CURRENT_TIMESTAMP, CURRENT_TIMESTAMP);
INSERT INTO MIDWIFERY.MIDWIFERY_BIRTH_LOCATIONS VALUES (2, 'hospital', 'I would prefer to give birth at a hospital.', CURRENT_TIMESTAMP, CURRENT_TIMESTAMP);
INSERT INTO MIDWIFERY.MIDWIFERY_BIRTH_LOCATIONS VALUES (3, 'undecided', 'I am undecided at the moment.', CURRENT_TIMESTAMP, CURRENT_TIMESTAMP);


INSERT INTO MIDWIFERY.MIDWIFERY_CLINIC_CONTACT_TYPES VALUES (1, 'Website', 'Yukon.ca', CURRENT_TIMESTAMP, CURRENT_TIMESTAMP);
INSERT INTO MIDWIFERY.MIDWIFERY_CLINIC_CONTACT_TYPES VALUES (2, 'other_health', 'Another health or social care provider', CURRENT_TIMESTAMP, CURRENT_TIMESTAMP);
INSERT INTO MIDWIFERY.MIDWIFERY_CLINIC_CONTACT_TYPES VALUES (3, 'friend', 'Friend or family member', CURRENT_TIMESTAMP, CURRENT_TIMESTAMP);
INSERT INTO MIDWIFERY.MIDWIFERY_CLINIC_CONTACT_TYPES VALUES (4, 'poster', 'Poster or pamphlet', CURRENT_TIMESTAMP, CURRENT_TIMESTAMP);
INSERT INTO MIDWIFERY.MIDWIFERY_CLINIC_CONTACT_TYPES VALUES (5, 'social', 'Social media', CURRENT_TIMESTAMP, CURRENT_TIMESTAMP);


INSERT INTO MIDWIFERY.MIDWIFERY_COMMUNITY_LOCATIONS VALUES (1, 'Beaver Creek', CURRENT_TIMESTAMP, CURRENT_TIMESTAMP);
INSERT INTO MIDWIFERY.MIDWIFERY_COMMUNITY_LOCATIONS VALUES (2, 'Burwash Landing', CURRENT_TIMESTAMP, CURRENT_TIMESTAMP);
INSERT INTO MIDWIFERY.MIDWIFERY_COMMUNITY_LOCATIONS VALUES (3, 'Carcross', CURRENT_TIMESTAMP, CURRENT_TIMESTAMP);
INSERT INTO MIDWIFERY.MIDWIFERY_COMMUNITY_LOCATIONS VALUES (4, 'Carmacks', CURRENT_TIMESTAMP, CURRENT_TIMESTAMP);
INSERT INTO MIDWIFERY.MIDWIFERY_COMMUNITY_LOCATIONS VALUES (5, 'Dawson City', CURRENT_TIMESTAMP, CURRENT_TIMESTAMP);
INSERT INTO MIDWIFERY.MIDWIFERY_COMMUNITY_LOCATIONS VALUES (6, 'Destruction Bay', CURRENT_TIMESTAMP, CURRENT_TIMESTAMP);
INSERT INTO MIDWIFERY.MIDWIFERY_COMMUNITY_LOCATIONS VALUES (7, 'Faro', CURRENT_TIMESTAMP, CURRENT_TIMESTAMP);
INSERT INTO MIDWIFERY.MIDWIFERY_COMMUNITY_LOCATIONS VALUES (8, 'Haines Junction', CURRENT_TIMESTAMP, CURRENT_TIMESTAMP);
INSERT INTO MIDWIFERY.MIDWIFERY_COMMUNITY_LOCATIONS VALUES (9, 'Ibex Valley', CURRENT_TIMESTAMP, CURRENT_TIMESTAMP);
INSERT INTO MIDWIFERY.MIDWIFERY_COMMUNITY_LOCATIONS VALUES (10, 'Marsh Lake', CURRENT_TIMESTAMP, CURRENT_TIMESTAMP);
INSERT INTO MIDWIFERY.MIDWIFERY_COMMUNITY_LOCATIONS VALUES (11, 'Mayo', CURRENT_TIMESTAMP, CURRENT_TIMESTAMP);
INSERT INTO MIDWIFERY.MIDWIFERY_COMMUNITY_LOCATIONS VALUES (12, 'Mount Lorne', CURRENT_TIMESTAMP, CURRENT_TIMESTAMP);
INSERT INTO MIDWIFERY.MIDWIFERY_COMMUNITY_LOCATIONS VALUES (13, 'Old Crow', CURRENT_TIMESTAMP, CURRENT_TIMESTAMP);
INSERT INTO MIDWIFERY.MIDWIFERY_COMMUNITY_LOCATIONS VALUES (14, 'Pelly Crossing', CURRENT_TIMESTAMP, CURRENT_TIMESTAMP);
INSERT INTO MIDWIFERY.MIDWIFERY_COMMUNITY_LOCATIONS VALUES (15, 'Ross River', CURRENT_TIMESTAMP, CURRENT_TIMESTAMP);
INSERT INTO MIDWIFERY.MIDWIFERY_COMMUNITY_LOCATIONS VALUES (16, 'Tagish', CURRENT_TIMESTAMP, CURRENT_TIMESTAMP);
INSERT INTO MIDWIFERY.MIDWIFERY_COMMUNITY_LOCATIONS VALUES (17, 'Teslin', CURRENT_TIMESTAMP, CURRENT_TIMESTAMP);
INSERT INTO MIDWIFERY.MIDWIFERY_COMMUNITY_LOCATIONS VALUES (18, 'Watson Lake', CURRENT_TIMESTAMP, CURRENT_TIMESTAMP);
INSERT INTO MIDWIFERY.MIDWIFERY_COMMUNITY_LOCATIONS VALUES (19, 'Whitehorse', CURRENT_TIMESTAMP, CURRENT_TIMESTAMP);


INSERT INTO MIDWIFERY.MIDWIFERY_GROUPS_COMMUNITIES VALUES (1, 'YFN', 'Yukon First Nations', CURRENT_TIMESTAMP, CURRENT_TIMESTAMP);
INSERT INTO MIDWIFERY.MIDWIFERY_GROUPS_COMMUNITIES VALUES (2, 'FN', 'Non-Yukon First Nations, Metis or Inuit', CURRENT_TIMESTAMP, CURRENT_TIMESTAMP);
INSERT INTO MIDWIFERY.MIDWIFERY_GROUPS_COMMUNITIES VALUES (3, 'New', 'Newcomer to Canada', CURRENT_TIMESTAMP, CURRENT_TIMESTAMP);
INSERT INTO MIDWIFERY.MIDWIFERY_GROUPS_COMMUNITIES VALUES (4, 'LGBTQ', 'LGBTQ2S+', CURRENT_TIMESTAMP, CURRENT_TIMESTAMP);
INSERT INTO MIDWIFERY.MIDWIFERY_GROUPS_COMMUNITIES VALUES (5, 'Race', 'Racialized person or person of colour', CURRENT_TIMESTAMP, CURRENT_TIMESTAMP);
INSERT INTO MIDWIFERY.MIDWIFERY_GROUPS_COMMUNITIES VALUES (6, 'mental_wellness', 'Person with mental wellness or substance use concerns', CURRENT_TIMESTAMP, CURRENT_TIMESTAMP);
INSERT INTO MIDWIFERY.MIDWIFERY_GROUPS_COMMUNITIES VALUES (7, 'disability', 'Person with a disability', CURRENT_TIMESTAMP, CURRENT_TIMESTAMP);
INSERT INTO MIDWIFERY.MIDWIFERY_GROUPS_COMMUNITIES VALUES (8, 'single', 'Person who is or will be a single parent', CURRENT_TIMESTAMP, CURRENT_TIMESTAMP);
INSERT INTO MIDWIFERY.MIDWIFERY_GROUPS_COMMUNITIES VALUES (9, 'not_say', 'I prefer not to specify at this time', CURRENT_TIMESTAMP, CURRENT_TIMESTAMP);
INSERT INTO MIDWIFERY.MIDWIFERY_GROUPS_COMMUNITIES VALUES (10, 'not_identify', 'I do not identify with any of these groups', CURRENT_TIMESTAMP, CURRENT_TIMESTAMP);


INSERT INTO MIDWIFERY.MIDWIFERY_LANGUAGES VALUES (1, 'english', CURRENT_TIMESTAMP, CURRENT_TIMESTAMP);
INSERT INTO MIDWIFERY.MIDWIFERY_LANGUAGES VALUES (2, 'french', CURRENT_TIMESTAMP, CURRENT_TIMESTAMP);


INSERT INTO MIDWIFERY.MIDWIFERY_OPTIONS VALUES (1, 'yukon_health_insurance', 1, 'Yes, I have Yukon health insurance.', CURRENT_TIMESTAMP, CURRENT_TIMESTAMP);
INSERT INTO MIDWIFERY.MIDWIFERY_OPTIONS VALUES (2, 'yukon_health_insurance', 0, 'No, I do not have Yukon health insurance.', CURRENT_TIMESTAMP, CURRENT_TIMESTAMP);
INSERT INTO MIDWIFERY.MIDWIFERY_OPTIONS VALUES (3, 'need_interpretation', 1, 'Yes, I will need interpretation support.', CURRENT_TIMESTAMP, CURRENT_TIMESTAMP);
INSERT INTO MIDWIFERY.MIDWIFERY_OPTIONS VALUES (4, 'need_interpretation', 0, 'No, I will not need interpretation support.', CURRENT_TIMESTAMP, CURRENT_TIMESTAMP);
INSERT INTO MIDWIFERY.MIDWIFERY_OPTIONS VALUES (5, 'okay_to_leave_message', 1, 'Yes, it is okay to leave a message.', CURRENT_TIMESTAMP, CURRENT_TIMESTAMP);
INSERT INTO MIDWIFERY.MIDWIFERY_OPTIONS VALUES (6, 'okay_to_leave_message', 0, 'No, do not leave a message.', CURRENT_TIMESTAMP, CURRENT_TIMESTAMP);
INSERT INTO MIDWIFERY.MIDWIFERY_OPTIONS VALUES (7, 'date_confirmed', 1, 'Yes, this date is confirmed.', CURRENT_TIMESTAMP, CURRENT_TIMESTAMP);
INSERT INTO MIDWIFERY.MIDWIFERY_OPTIONS VALUES (8, 'date_confirmed', 0, 'No, this date is not confirmed.', CURRENT_TIMESTAMP, CURRENT_TIMESTAMP);
INSERT INTO MIDWIFERY.MIDWIFERY_OPTIONS VALUES (9, 'first_pregnancy', 1, 'Yes, this is my first pregnancy.', CURRENT_TIMESTAMP, CURRENT_TIMESTAMP);
INSERT INTO MIDWIFERY.MIDWIFERY_OPTIONS VALUES (10, 'first_pregnancy', 0, 'No, this is not my first pregnancy.', CURRENT_TIMESTAMP, CURRENT_TIMESTAMP);
INSERT INTO MIDWIFERY.MIDWIFERY_OPTIONS VALUES (11, 'complications_with_previous', 1, 'Yes, I have had previous complications.', CURRENT_TIMESTAMP, CURRENT_TIMESTAMP);
INSERT INTO MIDWIFERY.MIDWIFERY_OPTIONS VALUES (12, 'complications_with_previous', 0, 'No, I haven''t had any previous complications.', CURRENT_TIMESTAMP, CURRENT_TIMESTAMP);
INSERT INTO MIDWIFERY.MIDWIFERY_OPTIONS VALUES (13, 'midwife_before', 1, 'Yes, I have had a midwife before.', CURRENT_TIMESTAMP, CURRENT_TIMESTAMP);
INSERT INTO MIDWIFERY.MIDWIFERY_OPTIONS VALUES (14, 'midwife_before', 0, 'No, I have never had a midwife.', CURRENT_TIMESTAMP, CURRENT_TIMESTAMP);
INSERT INTO MIDWIFERY.MIDWIFERY_OPTIONS VALUES (15, 'medical_concerns', 1, 'Yes, there are known medical concerns with this pregnancy.', CURRENT_TIMESTAMP, CURRENT_TIMESTAMP);
INSERT INTO MIDWIFERY.MIDWIFERY_OPTIONS VALUES (16, 'medical_concerns', 0, 'No, I don''t know of any medical concerns with this pregnancy.', CURRENT_TIMESTAMP, CURRENT_TIMESTAMP);
INSERT INTO MIDWIFERY.MIDWIFERY_OPTIONS VALUES (17, 'have_you_had_primary_health_care', 1, 'Yes, I have received health care for this pregnancy.', CURRENT_TIMESTAMP, CURRENT_TIMESTAMP);
INSERT INTO MIDWIFERY.MIDWIFERY_OPTIONS VALUES (18, 'have_you_had_primary_health_care', 0, 'No, I haven''t received any health care yet for this pregnancy.', CURRENT_TIMESTAMP, CURRENT_TIMESTAMP);
INSERT INTO MIDWIFERY.MIDWIFERY_OPTIONS VALUES (19, 'family_physician', 1, 'Yes, I have a family physician.', CURRENT_TIMESTAMP, CURRENT_TIMESTAMP);
INSERT INTO MIDWIFERY.MIDWIFERY_OPTIONS VALUES (20, 'family_physician', 0, 'No, I don''t have a family physician at this time.', CURRENT_TIMESTAMP, CURRENT_TIMESTAMP);
INSERT INTO MIDWIFERY.MIDWIFERY_OPTIONS VALUES (21, 'major_medical_conditions', 1, 'Yes, I have some medical conditions.', CURRENT_TIMESTAMP, CURRENT_TIMESTAMP);
INSERT INTO MIDWIFERY.MIDWIFERY_OPTIONS VALUES (22, 'major_medical_conditions', 0, 'No, I don''t have any medical conditions.', CURRENT_TIMESTAMP, CURRENT_TIMESTAMP);


INSERT INTO MIDWIFERY.MIDWIFERY_PREFERRED_CONTACT_TYPES VALUES (1, 'email', 'Email communication is preferred', CURRENT_TIMESTAMP, CURRENT_TIMESTAMP);
INSERT INTO MIDWIFERY.MIDWIFERY_PREFERRED_CONTACT_TYPES VALUES (2, 'phone', 'Phone communication is preferred', CURRENT_TIMESTAMP, CURRENT_TIMESTAMP);
INSERT INTO MIDWIFERY.MIDWIFERY_PREFERRED_CONTACT_TYPES VALUES (3, 'friend', 'Friend or family member', CURRENT_TIMESTAMP, CURRENT_TIMESTAMP);
INSERT INTO MIDWIFERY.MIDWIFERY_PREFERRED_CONTACT_TYPES VALUES (4, 'poster', 'Poster or pamphlet', CURRENT_TIMESTAMP, CURRENT_TIMESTAMP);
INSERT INTO MIDWIFERY.MIDWIFERY_PREFERRED_CONTACT_TYPES VALUES (5, 'social', 'Social media', CURRENT_TIMESTAMP, CURRENT_TIMESTAMP);


INSERT INTO MIDWIFERY.MIDWIFERY_STATUS VALUES (1, 'New/Unread', CURRENT_TIMESTAMP, CURRENT_TIMESTAMP);
INSERT INTO MIDWIFERY.MIDWIFERY_STATUS VALUES (2, 'Entered', CURRENT_TIMESTAMP, CURRENT_TIMESTAMP);
INSERT INTO MIDWIFERY.MIDWIFERY_STATUS VALUES (3, 'Declined', CURRENT_TIMESTAMP, CURRENT_TIMESTAMP);
INSERT INTO MIDWIFERY.MIDWIFERY_STATUS VALUES (4, 'Closed', CURRENT_TIMESTAMP, CURRENT_TIMESTAMP);

--------------------------------------------------------
--  DENTAL catalogue information
--------------------------------------------------------
INSERT INTO DENTAL.DENTAL_STATUS VALUES (1, 'New', CURRENT_TIMESTAMP, CURRENT_TIMESTAMP);
INSERT INTO DENTAL.DENTAL_STATUS VALUES (2, 'Enrolled', CURRENT_TIMESTAMP, CURRENT_TIMESTAMP);
INSERT INTO DENTAL.DENTAL_STATUS VALUES (3, 'Declined', CURRENT_TIMESTAMP, CURRENT_TIMESTAMP);
INSERT INTO DENTAL.DENTAL_STATUS VALUES (4, 'Closed', CURRENT_TIMESTAMP, CURRENT_TIMESTAMP);
INSERT INTO DENTAL.DENTAL_STATUS VALUES (5, 'Pending', CURRENT_TIMESTAMP, CURRENT_TIMESTAMP);